endpoint,candidate,reference,n_rows,candidate_mae,reference_mae,delta_mae,delta_mae_ci_low,delta_mae_ci_high,relative_gain_percent
burst.per.min,B3_PERMUTED_REGISTERED,B0,4064,32.31806085605638,32.842604036473844,-0.5245431804174672,-0.9689509198413405,-0.13640100746763867,1.5971424794298525
burst.per.min,B3_PERMUTED_REGISTERED,B1,4064,32.31806085605638,67.3777247660104,-35.059663909954025,-48.89103956922897,-23.511654324727168,52.03450254770304
burst.per.min,B3_PERMUTED_REGISTERED,B1b,4064,32.31806085605638,195.48146094993734,-163.16340009388097,-196.52091788548563,-135.72237297160848,83.46745481693888
burst.per.min,B3_PERMUTED_REGISTERED,B2,4064,32.31806085605638,45.76514847044057,-13.447087614384195,-17.922113651785054,-9.137175778355505,29.382812169984735
burst.per.min,B3_PERMUTED_REGISTERED,BT+,4064,32.31806085605638,32.842604036473844,-0.5245431804174672,-0.9689509198413405,-0.13640100746763867,1.5971424794298525
burst.per.min,B3_PERMUTED_REGISTERED,DOSE_SMOOTH,4064,32.31806085605638,32.49978181639437,-0.1817209603379908,-0.6040692126266661,0.2207448217778219,0.5591451701571808
meanfiringrate,B3_PERMUTED_REGISTERED,B0,4112,45.117201128255964,45.25500043429519,-0.13779930603922708,-1.0141073374246976,0.7530114520589809,0.3044952043239842
meanfiringrate,B3_PERMUTED_REGISTERED,B1,4112,45.117201128255964,57.577786073622256,-12.460584945366293,-24.435244094255307,-2.9524768354631297,21.641306127042597
meanfiringrate,B3_PERMUTED_REGISTERED,B1b,4112,45.117201128255964,102.27064850860376,-57.15344738034779,-78.14618208185955,-41.31399029759385,55.88450666325795
meanfiringrate,B3_PERMUTED_REGISTERED,B2,4112,45.117201128255964,48.109909072592636,-2.992707944336672,-9.526096021113856,3.523551378009825,6.220564540708236
meanfiringrate,B3_PERMUTED_REGISTERED,BT+,4112,45.117201128255964,45.25500043429519,-0.13779930603922708,-1.0141073374246976,0.7530114520589809,0.3044952043239842
meanfiringrate,B3_PERMUTED_REGISTERED,DOSE_SMOOTH,4112,45.117201128255964,44.858505217211025,0.2586959110449385,-0.07360976635043315,0.5682277459670215,-0.5766931149227944
nAE,B3_PERMUTED_REGISTERED,B0,4112,30.982470867920405,38.08424796135597,-7.101777093435565,-8.3859332457159,-5.744064265229095,18.64754451930291
nAE,B3_PERMUTED_REGISTERED,B1,4112,30.982470867920405,38.118190158486414,-7.1357192905660085,-12.191327661136254,-2.0845092141806694,18.719984503192247
nAE,B3_PERMUTED_REGISTERED,B1b,4112,30.982470867920405,51.80144460515391,-20.818973737233506,-26.470251655076275,-15.506741111061869,40.189948168283614
nAE,B3_PERMUTED_REGISTERED,B2,4112,30.982470867920405,31.868723576645387,-0.8862527087249816,-11.981071909688302,11.357712056282681,2.7809482441099753
nAE,B3_PERMUTED_REGISTERED,BT+,4112,30.982470867920405,31.868723576645387,-0.8862527087249816,-11.981071909688302,11.357712056282681,2.7809482441099753
nAE,B3_PERMUTED_REGISTERED,DOSE_SMOOTH,4112,30.982470867920405,31.260664261316716,-0.278193393396311,-0.6365302142035738,0.06042148386939008,0.8899151696547901
ns.n,B3_PERMUTED_REGISTERED,B0,3488,48.223632497653334,48.37504158155488,-0.15140908390154806,-0.8157338303816626,0.5026668050925908,0.31299008528248884
ns.n,B3_PERMUTED_REGISTERED,B1,3488,48.223632497653334,59.58116585393177,-11.357533356278438,-19.48872850668434,-4.575378790135329,19.062287878223774
ns.n,B3_PERMUTED_REGISTERED,B1b,3488,48.223632497653334,460.04822654954484,-411.8245940518915,-474.65079116012254,-359.5137767525992,89.51770059862193
ns.n,B3_PERMUTED_REGISTERED,B2,3488,48.223632497653334,56.46158896085606,-8.237956463202728,-14.411332852642227,-3.226120356472591,14.590373056829794
ns.n,B3_PERMUTED_REGISTERED,BT+,3488,48.223632497653334,48.37504158155488,-0.15140908390154806,-0.8157338303816626,0.5026668050925908,0.31299008528248884
ns.n,B3_PERMUTED_REGISTERED,DOSE_SMOOTH,3488,48.223632497653334,47.5240537251707,0.6995787724826315,0.04006545843566603,1.3482831663660286,-1.472051977148796
r,B3_PERMUTED_REGISTERED,B0,4112,78.02803418380037,86.26549541943848,-8.237461235638108,-11.484765341989178,-4.9755384150064135,9.548964154887278
r,B3_PERMUTED_REGISTERED,B1,4112,78.02803418380037,97.03465696261627,-19.006622778815895,-36.35556053381374,-4.15776348678238,19.58745810390036
r,B3_PERMUTED_REGISTERED,B1b,4112,78.02803418380037,467.6986961441303,-389.6706619603299,-478.14407012163986,-312.545427567264,83.31660215709591
r,B3_PERMUTED_REGISTERED,B2,4112,78.02803418380037,62.91024960301241,15.117784580787962,-5.433549873426288,40.66392727963074,-24.03071784993213
r,B3_PERMUTED_REGISTERED,BT+,4112,78.02803418380037,62.91024960301241,15.117784580787962,-5.433549873426295,40.66392727963074,-24.03071784993213
r,B3_PERMUTED_REGISTERED,DOSE_SMOOTH,4112,78.02803418380037,76.86513897361714,1.1628952101832368,-0.9465820818639946,3.404829872422361,-1.5129032819187174
