permutation_id,permutation_seed,model,endpoint,n_rows,n_chemicals,mae,bt_plus_mae,delta_mae_vs_bt_plus,relative_gain_vs_bt_plus_percent
0,20360931,B3_NULL,burst.per.min,12192,136,32.09096846074309,32.739061202603416,-0.6480927418603244,1.9795703299176701
0,20360931,B3_NULL,meanfiringrate,12336,136,45.0311249164472,45.79151998338266,-0.760395066935466,1.660558695608721
0,20360931,B3_NULL,nAE,12336,136,31.21358113398209,33.5041967688646,-2.2906156348825135,6.836802119700954
0,20360931,B3_NULL,ns.n,10464,125,47.50566095194421,48.25928292241817,-0.7536219704739651,1.561610378018859
0,20360931,B3_NULL,r,12336,136,73.30480725759098,62.9102496030124,10.394557654578577,-16.522836453792806
0,20360931,M1_NULL,burst.per.min,12192,136,33.55810820543344,32.739061202603416,0.8190470028300254,-2.501742483577674
0,20360931,M1_NULL,meanfiringrate,12336,136,43.14149933562644,45.79151998338266,-2.6500206477562216,5.787142791324443
0,20360931,M1_NULL,nAE,12336,136,32.58532506876176,33.5041967688646,-0.9188717001028408,2.7425570188769512
0,20360931,M1_NULL,ns.n,10464,125,48.353713630061655,48.25928292241817,0.09443070764348249,-0.1956736650962877
0,20360931,M1_NULL,r,12336,136,60.661149724306945,62.9102496030124,-2.249099878705458,3.575092918718545
1,20460934,B3_NULL,burst.per.min,12192,136,32.368602018750124,32.739061202603416,-0.370459183853292,1.131551028787084
1,20460934,B3_NULL,meanfiringrate,12336,136,44.93065998019454,45.79151998338266,-0.8608600031881224,1.8799550735606088
1,20460934,B3_NULL,nAE,12336,136,31.408374521746648,33.5041967688646,-2.0958222471179546,6.255402156262402
1,20460934,B3_NULL,ns.n,10464,125,48.20938850538557,48.25928292241817,-0.04989441703260411,0.10338822711645879
1,20460934,B3_NULL,r,12336,136,70.90069274953028,62.9102496030124,7.990443146517876,-12.70133753552181
1,20460934,M1_NULL,burst.per.min,12192,136,33.81664400608723,32.739061202603416,1.0775828034838142,-3.291428537963467
1,20460934,M1_NULL,meanfiringrate,12336,136,44.08153699945528,45.79151998338266,-1.7099829839273823,3.7342787148099035
1,20460934,M1_NULL,nAE,12336,136,29.65348555262562,33.5041967688646,-3.850711216238981,11.493220514444449
1,20460934,M1_NULL,ns.n,10464,125,48.860529819197005,48.25928292241817,0.6012468967788323,-1.2458678628636055
1,20460934,M1_NULL,r,12336,136,64.31699397250456,62.9102496030124,1.4067443694921593,-2.236113158617636
2,20560937,B3_NULL,burst.per.min,12192,136,32.491074263425304,32.739061202603416,-0.2479869391781122,0.7574650282225938
2,20560937,B3_NULL,meanfiringrate,12336,136,44.845835774697406,45.79151998338266,-0.9456842086852575,2.065195060195508
2,20560937,B3_NULL,nAE,12336,136,31.214637014443383,33.5041967688646,-2.2895597544212194,6.833650632534798
2,20560937,B3_NULL,ns.n,10464,125,48.16233292747849,48.25928292241817,-0.09694999493968481,0.20089398156939473
2,20560937,B3_NULL,r,12336,136,68.5167428785714,62.9102496030124,5.606493275559004,-8.911891640770952
2,20560937,M1_NULL,burst.per.min,12192,136,33.958003543626795,32.739061202603416,1.2189423410233786,-3.7232049308929116
2,20560937,M1_NULL,meanfiringrate,12336,136,44.008495143763454,45.79151998338266,-1.783024839619209,3.8937882827786736
2,20560937,M1_NULL,nAE,12336,136,31.72973565283002,33.5041967688646,-1.7744611160345833,5.296235359038923
2,20560937,M1_NULL,ns.n,10464,125,49.04280507030515,48.25928292241817,0.7835221478869769,-1.6235677375202
2,20560937,M1_NULL,r,12336,136,66.98205932445502,62.9102496030124,4.071809721442619,-6.472410691639736
3,20660940,B3_NULL,burst.per.min,12192,136,32.46078962160131,32.739061202603416,-0.2782715810021088,0.8499681138687648
3,20660940,B3_NULL,meanfiringrate,12336,136,44.93192627925132,45.79151998338266,-0.859593704131342,1.8771897164437452
3,20660940,B3_NULL,nAE,12336,136,31.425591620973023,33.5041967688646,-2.0786051478915795,6.204014267917696
3,20660940,B3_NULL,ns.n,10464,125,48.25856173917939,48.25928292241817,-0.0007211832387810091,0.0014943927781529334
3,20660940,B3_NULL,r,12336,136,69.99560909924897,62.9102496030124,7.085359496236563,-11.262647248974334
3,20660940,M1_NULL,burst.per.min,12192,136,33.45219100433851,32.739061202603416,0.7131298017350929,-2.178223124120568
3,20660940,M1_NULL,meanfiringrate,12336,136,45.5347919553947,45.79151998338266,-0.2567280279879611,0.560645351106767
3,20660940,M1_NULL,nAE,12336,136,31.909723466915178,33.5041967688646,-1.5944733019494244,4.75902560192449
3,20660940,M1_NULL,ns.n,10464,125,49.32688669536457,48.25928292241817,1.0676037729463985,-2.212224691905768
3,20660940,M1_NULL,r,12336,136,64.87585192173269,62.9102496030124,1.9656023187202862,-3.1244548084358024
4,20760943,B3_NULL,burst.per.min,12192,136,32.38883046198316,32.739061202603416,-0.3502307406202547,1.0697641525298358
4,20760943,B3_NULL,meanfiringrate,12336,136,45.04100503198045,45.79151998338266,-0.7505149514022165,1.638982396030033
4,20760943,B3_NULL,nAE,12336,136,31.88135312236045,33.5041967688646,-1.6228436465041511,4.843702589558145
4,20760943,B3_NULL,ns.n,10464,125,48.11069957544922,48.25928292241817,-0.14858334696895525,0.30788552579162537
4,20760943,B3_NULL,r,12336,136,70.09769661355396,62.9102496030124,7.187447010541561,-11.42492210076591
4,20760943,M1_NULL,burst.per.min,12192,136,33.65069884684939,32.739061202603416,0.911637644245971,-2.7845564617884566
4,20760943,M1_NULL,meanfiringrate,12336,136,43.95746888090278,45.79151998338266,-1.834051102479883,4.005219968993044
4,20760943,M1_NULL,nAE,12336,136,33.60935406801475,33.5041967688646,0.10515729915015015,-0.31386306579918566
4,20760943,M1_NULL,ns.n,10464,125,50.022803100770226,48.25928292241817,1.7635201783520529,-3.6542610489822143
4,20760943,M1_NULL,r,12336,136,61.442110306692534,62.9102496030124,-1.468139296319869,2.333704452906142
5,20860946,B3_NULL,burst.per.min,12192,136,32.342669423502706,32.739061202603416,-0.39639177910071055,1.2107609825696206
5,20860946,B3_NULL,meanfiringrate,12336,136,44.846677188119244,45.79151998338266,-0.9448427952634191,2.0633575727695743
5,20860946,B3_NULL,nAE,12336,136,31.557688705988678,33.5041967688646,-1.9465080628759246,5.809744004025225
5,20860946,B3_NULL,ns.n,10464,125,48.328985875447586,48.25928292241817,0.0697029530294131,-0.14443429079016332
5,20860946,B3_NULL,r,12336,136,67.42871555286014,62.9102496030124,4.518465949847737,-7.182400289874822
5,20860946,M1_NULL,burst.per.min,12192,136,33.448746413947305,32.739061202603416,0.7096852113438885,-2.167701776639381
5,20860946,M1_NULL,meanfiringrate,12336,136,43.28716907629127,45.79151998338266,-2.5043509070913927,5.469027688969922
5,20860946,M1_NULL,nAE,12336,136,33.19409982784724,33.5041967688646,-0.3100969410173633,0.9255465610968948
5,20860946,M1_NULL,ns.n,10464,125,49.71767320221592,48.25928292241817,1.4583902797977473,-3.0219891210200154
5,20860946,M1_NULL,r,12336,136,67.59728333421798,62.9102496030124,4.687033731205574,-7.450349920374722
6,20960949,B3_NULL,burst.per.min,12192,136,32.20887971238216,32.739061202603416,-0.5301814902212527,1.6194156788438778
6,20960949,B3_NULL,meanfiringrate,12336,136,44.903177381644085,45.79151998338266,-0.8883426017385787,1.9399718595516164
6,20960949,B3_NULL,nAE,12336,136,31.37273220513857,33.5041967688646,-2.131464563726034,6.361783804071974
6,20960949,B3_NULL,ns.n,10464,125,48.06517524779784,48.25928292241817,-0.19410767462033363,0.40221831503875005
6,20960949,B3_NULL,r,12336,136,70.68229175785147,62.9102496030124,7.77204215483907,-12.354174723329843
6,20960949,M1_NULL,burst.per.min,12192,136,34.24710771609617,32.739061202603416,1.5080465134927508,-4.60626071151005
6,20960949,M1_NULL,meanfiringrate,12336,136,42.51992233793889,45.79151998338266,-3.2715976454437765,7.144549136239658
6,20960949,M1_NULL,nAE,12336,136,31.143194913695986,33.5041967688646,-2.3610018551686167,7.046883921606776
6,20960949,M1_NULL,ns.n,10464,125,49.769386802698556,48.25928292241817,1.5101038802803828,-3.1291469512881744
6,20960949,M1_NULL,r,12336,136,66.94081286252498,62.9102496030124,4.030563259512576,-6.406846714083893
7,21060952,B3_NULL,burst.per.min,12192,136,32.22740985751009,32.739061202603416,-0.5116513450933269,1.5628161782862615
7,21060952,B3_NULL,meanfiringrate,12336,136,44.95719480719027,45.79151998338266,-0.8343251761923938,1.8220080409979031
7,21060952,B3_NULL,nAE,12336,136,31.504391706293926,33.5041967688646,-1.999805062570676,5.9688195970395315
7,21060952,B3_NULL,ns.n,10464,125,48.042112778093454,48.25928292241817,-0.2171701443247187,0.45000698554481705
7,21060952,B3_NULL,r,12336,136,70.26996730505398,62.9102496030124,7.3597177020415785,-11.698757751692602
7,21060952,M1_NULL,burst.per.min,12192,136,33.71710525039884,32.739061202603416,0.9780440477954215,-2.9873918550775285
7,21060952,M1_NULL,meanfiringrate,12336,136,43.725908940685066,45.79151998338266,-2.065611042697597,4.510902986944283
7,21060952,M1_NULL,nAE,12336,136,30.312217385128157,33.5041967688646,-3.191979383736445,9.52710314399403
7,21060952,M1_NULL,ns.n,10464,125,49.76037516938096,48.25928292241817,1.5010922469627843,-3.1104735836542505
7,21060952,M1_NULL,r,12336,136,61.381947317769885,62.9102496030124,-1.5283022852425177,2.4293375004656417
8,21160955,B3_NULL,burst.per.min,12192,136,32.063599999302774,32.739061202603416,-0.6754612033006424,2.0631660728467365
8,21160955,B3_NULL,meanfiringrate,12336,136,44.90452886200924,45.79151998338266,-0.8869911213734198,1.9370204826031132
8,21160955,B3_NULL,nAE,12336,136,31.784712470178206,33.5041967688646,-1.719484298686396,5.13214601307592
8,21160955,B3_NULL,ns.n,10464,125,48.38909974891483,48.25928292241817,0.1298168264966577,-0.2689986643716853
8,21160955,B3_NULL,r,12336,136,70.69860211350836,62.9102496030124,7.788352510495955,-12.380101111732063
8,21160955,M1_NULL,burst.per.min,12192,136,33.1473799018557,32.739061202603416,0.40831869925228403,-1.247191227400908
8,21160955,M1_NULL,meanfiringrate,12336,136,43.04338252450454,45.79151998338266,-2.7481374588781264,6.001411309070765
8,21160955,M1_NULL,nAE,12336,136,31.03488129097892,33.5041967688646,-2.469315477885683,7.370167668608054
8,21160955,M1_NULL,ns.n,10464,125,49.268983083452234,48.25928292241817,1.0097001610340612,-2.092240290137049
8,21160955,M1_NULL,r,12336,136,60.96106960219248,62.9102496030124,-1.949180000819922,3.098350448647063
9,21260958,B3_NULL,burst.per.min,12192,136,32.38085027053592,32.739061202603416,-0.3582109320674931,1.0941392908328358
9,21260958,B3_NULL,meanfiringrate,12336,136,44.9191053892121,45.79151998338266,-0.8724145941705643,1.9051881101285912
9,21260958,B3_NULL,nAE,12336,136,31.164850800604583,33.5041967688646,-2.3393459682600195,6.982247580500035
9,21260958,B3_NULL,ns.n,10464,125,47.91439132434736,48.25928292241817,-0.3448915980708094,0.7146637438133064
9,21260958,B3_NULL,r,12336,136,70.17503388770129,62.9102496030124,7.264784284688886,-11.54785480987985
9,21260958,M1_NULL,burst.per.min,12192,136,33.35201342079201,32.739061202603416,0.612952218188596,-1.8722351700782853
9,21260958,M1_NULL,meanfiringrate,12336,136,47.855283989973465,45.79151998338266,2.0637640065908016,-4.506869410187133
9,21260958,M1_NULL,nAE,12336,136,32.53486862845386,33.5041967688646,-0.9693281404107452,2.893154392262704
9,21260958,M1_NULL,ns.n,10464,125,50.138011926049174,48.25928292241817,1.8787290036310011,-3.8929898868394996
9,21260958,M1_NULL,r,12336,136,66.37523530926245,62.9102496030124,3.4649857062500473,-5.507823809499127
10,21360961,B3_NULL,burst.per.min,12192,136,32.33930167277895,32.739061202603416,-0.3997595298244647,1.221047626718984
10,21360961,B3_NULL,meanfiringrate,12336,136,44.96464224202741,45.79151998338266,-0.8268777413552542,1.8057442549522722
10,21360961,B3_NULL,nAE,12336,136,31.38207288151875,33.5041967688646,-2.122123887345854,6.3339046806158334
10,21360961,B3_NULL,ns.n,10464,125,48.39907684215655,48.25928292241817,0.13979391973838062,-0.2896726003225409
10,21360961,B3_NULL,r,12336,136,68.14598626668597,62.9102496030124,5.235736663673563,-8.322549499824039
10,21360961,M1_NULL,burst.per.min,12192,136,34.26251207308054,32.739061202603416,1.5234508704771272,-4.653312631811147
10,21360961,M1_NULL,meanfiringrate,12336,136,44.02330581649502,45.79151998338266,-1.7682141668876454,3.8614445808510283
10,21360961,M1_NULL,nAE,12336,136,32.90127085379297,33.5041967688646,-0.60292591507163,1.7995534088789977
10,21360961,M1_NULL,ns.n,10464,125,48.906947821442614,48.25928292241817,0.6476648990244414,-1.3420524711600672
10,21360961,M1_NULL,r,12336,136,60.00133328589146,62.9102496030124,-2.9089163171209407,4.623914760277234
11,21460964,B3_NULL,burst.per.min,12192,136,32.59446401996719,32.739061202603416,-0.14459718263622534,0.44166563525262886
11,21460964,B3_NULL,meanfiringrate,12336,136,45.01839134994049,45.79151998338266,-0.7731286334421767,1.6883663912504723
11,21460964,B3_NULL,nAE,12336,136,31.220471854556397,33.5041967688646,-2.2837249143082055,6.81623538108655
11,21460964,B3_NULL,ns.n,10464,125,47.85445669283561,48.25928292241817,-0.40482622958256087,0.8388567029339438
11,21460964,B3_NULL,r,12336,136,73.62635261950678,62.9102496030124,10.716103016494372,-17.033954060136555
11,21460964,M1_NULL,burst.per.min,12192,136,34.270491906529536,32.739061202603416,1.5314307039261195,-4.6776866766244956
11,21460964,M1_NULL,meanfiringrate,12336,136,43.72256471988747,45.79151998338266,-2.068955263495191,4.518206131279321
11,21460964,M1_NULL,nAE,12336,136,31.59581531340239,33.5041967688646,-1.9083814554622123,5.695947491675635
11,21460964,M1_NULL,ns.n,10464,125,49.080940322635556,48.25928292241817,0.8216574002173829,-1.7025893267794359
11,21460964,M1_NULL,r,12336,136,66.34897040307307,62.9102496030124,3.438720800060665,-5.46607400504735
12,21560967,B3_NULL,burst.per.min,12192,136,32.4366733846098,32.739061202603416,-0.302387817993619,0.9236300824947695
12,21560967,B3_NULL,meanfiringrate,12336,136,45.12425440329059,45.79151998338266,-0.6672655800920708,1.457181548754476
12,21560967,B3_NULL,nAE,12336,136,31.385202924038513,33.5041967688646,-2.1189938448260897,6.324562440473927
12,21560967,B3_NULL,ns.n,10464,125,48.26755527031769,48.25928292241817,0.008272347899520582,-0.017141464602404566
12,21560967,B3_NULL,r,12336,136,70.12814729754484,62.9102496030124,7.217897694532439,-11.473325475705657
12,21560967,M1_NULL,burst.per.min,12192,136,33.6615682034416,32.739061202603416,0.9225070008381806,-2.8177564259686916
12,21560967,M1_NULL,meanfiringrate,12336,136,44.833745591936584,45.79151998338266,-0.9577743914460797,2.0915977276876756
12,21560967,M1_NULL,nAE,12336,136,31.183804768997074,33.5041967688646,-2.320391999867528,6.92567565751603
12,21560967,M1_NULL,ns.n,10464,125,49.292085414641946,48.25928292241817,1.032802492223773,-2.1401115592291555
12,21560967,M1_NULL,r,12336,136,62.50418430659229,62.9102496030124,-0.4060652964201097,0.6454676288562454
13,21660970,B3_NULL,burst.per.min,12192,136,32.618908255326474,32.739061202603416,-0.12015294727694226,0.3670018102638437
13,21660970,B3_NULL,meanfiringrate,12336,136,44.93855149434981,45.79151998338266,-0.8529684890328539,1.8627215024580723
13,21660970,B3_NULL,nAE,12336,136,32.30915729524062,33.5041967688646,-1.1950394736239858,3.566835169540713
13,21660970,B3_NULL,ns.n,10464,125,47.84208848360755,48.25928292241817,-0.41719443881062546,0.8644853664347002
13,21660970,B3_NULL,r,12336,136,70.6684521494271,62.9102496030124,7.758202546414694,-12.332175750965703
13,21660970,M1_NULL,burst.per.min,12192,136,33.49791498048119,32.739061202603416,0.7588537778777749,-2.3178849667730566
13,21660970,M1_NULL,meanfiringrate,12336,136,45.350514526149595,45.79151998338266,-0.44100545723306794,0.9630723273503585
13,21660970,M1_NULL,nAE,12336,136,33.281807613496795,33.5041967688646,-0.22238915536780723,0.6637650706924965
13,21660970,M1_NULL,ns.n,10464,125,48.87021480633781,48.25928292241817,0.6109318839196405,-1.2659365140210996
13,21660970,M1_NULL,r,12336,136,63.918033202820595,62.9102496030124,1.0077835998081923,-1.601938644605116
14,21760973,B3_NULL,burst.per.min,12192,136,32.7276058799079,32.739061202603416,-0.011455322695518078,0.03498977146787321
14,21760973,B3_NULL,meanfiringrate,12336,136,45.051964289724566,45.79151998338266,-0.7395556936580974,1.615049454410938
14,21760973,B3_NULL,nAE,12336,136,31.562080480375805,33.5041967688646,-1.9421162884887977,5.796635871878604
14,21760973,B3_NULL,ns.n,10464,125,48.12911362092888,48.25928292241817,-0.13016930148929617,0.26972904197220854
14,21760973,B3_NULL,r,12336,136,71.53436357415008,62.9102496030124,8.624113971137675,-13.708599195773523
14,21760973,M1_NULL,burst.per.min,12192,136,33.23505921272565,32.739061202603416,0.49599801012223566,-1.5150037658465105
14,21760973,M1_NULL,meanfiringrate,12336,136,43.87115066914969,45.79151998338266,-1.9203693142329712,4.1937225821065915
14,21760973,M1_NULL,nAE,12336,136,33.49989451553723,33.5041967688646,-0.004302253327374217,0.012840938575707906
14,21760973,M1_NULL,ns.n,10464,125,48.96982858772789,48.25928292241817,0.7105456653097164,-1.4723502345693629
14,21760973,M1_NULL,r,12336,136,67.2259993156994,62.9102496030124,4.315749712686994,-6.860169431723791
15,21860976,B3_NULL,burst.per.min,12192,136,32.54255733394697,32.739061202603416,-0.19650386865644975,0.6002122890464059
15,21860976,B3_NULL,meanfiringrate,12336,136,44.8527816992265,45.79151998338266,-0.938738284156166,2.0500264776028962
15,21860976,B3_NULL,nAE,12336,136,31.149477270995604,33.5041967688646,-2.3547194978689987,7.028132965292383
15,21860976,B3_NULL,ns.n,10464,125,47.87681279583427,48.25928292241817,-0.3824701265839039,0.7925317232723174
15,21860976,B3_NULL,r,12336,136,69.32366500594777,62.9102496030124,6.413415402935371,-10.194547698358312
15,21860976,M1_NULL,burst.per.min,12192,136,33.68212539026842,32.739061202603416,0.9430641876650014,-2.880547434848281
15,21860976,M1_NULL,meanfiringrate,12336,136,42.928378738668975,45.79151998338266,-2.863141244713688,6.252557778716882
15,21860976,M1_NULL,nAE,12336,136,32.1606294800788,33.5041967688646,-1.343567288785799,4.0101462454231225
15,21860976,M1_NULL,ns.n,10464,125,49.906232126741614,48.25928292241817,1.646949204323441,-3.412709647947077
15,21860976,M1_NULL,r,12336,136,60.35269909410014,62.9102496030124,-2.5575505089122643,4.065395583472297
16,21960979,B3_NULL,burst.per.min,12192,136,32.53403052638849,32.739061202603416,-0.20503067621492477,0.626257041844012
16,21960979,B3_NULL,meanfiringrate,12336,136,45.072903482489444,45.79151998338266,-0.7186165008932193,1.5693222263729154
16,21960979,B3_NULL,nAE,12336,136,31.108069620569694,33.5041967688646,-2.3961271482949087,7.151722409061381
16,21960979,B3_NULL,ns.n,10464,125,48.177429179752224,48.25928292241817,-0.08185374266594891,0.16961243041579654
16,21960979,B3_NULL,r,12336,136,70.13905695841137,62.9102496030124,7.2288073553989705,-11.490667102762258
16,21960979,M1_NULL,burst.per.min,12192,136,33.390652193167256,32.739061202603416,0.6515909905638395,-1.9902555743169108
16,21960979,M1_NULL,meanfiringrate,12336,136,43.66399957169437,45.79151998338266,-2.1275204116882946,4.646101314086872
16,21960979,M1_NULL,nAE,12336,136,33.41222301414465,33.5041967688646,-0.09197375471995173,0.27451413133241503
16,21960979,M1_NULL,ns.n,10464,125,48.34455361268047,48.25928292241817,0.08527069026229839,-0.17669282487968152
16,21960979,M1_NULL,r,12336,136,63.82118016898136,62.9102496030124,0.9109305659689539,-1.4479843455037489
17,22060982,B3_NULL,burst.per.min,12192,136,32.64020527381301,32.739061202603416,-0.09885592879040672,0.3019510186276987
17,22060982,B3_NULL,meanfiringrate,12336,136,44.933913125931426,45.79151998338266,-0.8576068574512377,1.8728508198951588
17,22060982,B3_NULL,nAE,12336,136,31.479742001400645,33.5041967688646,-2.0244547674639577,6.042391588821136
17,22060982,B3_NULL,ns.n,10464,125,48.10059305860534,48.25928292241817,-0.1586898638128318,0.3288276455908851
17,22060982,B3_NULL,r,12336,136,70.59042510229355,62.9102496030124,7.680175499281148,-12.208146602097393
17,22060982,M1_NULL,burst.per.min,12192,136,33.34442551926654,32.739061202603416,0.6053643166631204,-1.849058263817845
17,22060982,M1_NULL,meanfiringrate,12336,136,46.92925304643993,45.79151998338266,1.1377330630572686,-2.4845933558661994
17,22060982,M1_NULL,nAE,12336,136,32.51977601583653,33.5041967688646,-0.9844207530280755,2.938201323909655
17,22060982,M1_NULL,ns.n,10464,125,50.99162440391855,48.25928292241817,2.7323414815003773,-5.661794614505361
17,22060982,M1_NULL,r,12336,136,62.75708196156826,62.9102496030124,-0.15316764144414208,0.24347009018512586
18,22160985,B3_NULL,burst.per.min,12192,136,32.760404494258154,32.739061202603416,0.021343291654737584,-0.06519213096141059
18,22160985,B3_NULL,meanfiringrate,12336,136,44.872189497104365,45.79151998338266,-0.919330486278298,2.0076435257268486
18,22160985,B3_NULL,nAE,12336,136,31.3019252001491,33.5041967688646,-2.202271568715503,6.573121522382146
18,22160985,B3_NULL,ns.n,10464,125,47.86328862112135,48.25928292241817,-0.3959943012968239,0.8205557093200618
18,22160985,B3_NULL,r,12336,136,69.44265808546929,62.9102496030124,6.532408482456887,-10.383695063489446
18,22160985,M1_NULL,burst.per.min,12192,136,34.04614594474304,32.739061202603416,1.3070847421396223,-3.9924319578097207
18,22160985,M1_NULL,meanfiringrate,12336,136,44.79980259725387,45.79151998338266,-0.9917173861287907,2.1657227942830377
18,22160985,M1_NULL,nAE,12336,136,33.87964229342472,33.5041967688646,0.3754455245601207,-1.1205925250206912
18,22160985,M1_NULL,ns.n,10464,125,48.85186506959994,48.25928292241817,0.5925821471817656,-1.2279132869305232
18,22160985,M1_NULL,r,12336,136,67.25225162621483,62.9102496030124,4.342002023202426,-6.901899214519271
19,22260988,B3_NULL,burst.per.min,12192,136,32.25198371939975,32.739061202603416,-0.48707748320366306,1.4877564148508038
19,22260988,B3_NULL,meanfiringrate,12336,136,45.22785869669211,45.79151998338266,-0.5636612866905537,1.230929409845101
19,22260988,B3_NULL,nAE,12336,136,31.887587844861553,33.5041967688646,-1.6166089240030495,4.825093808860869
19,22260988,B3_NULL,ns.n,10464,125,47.89159083736011,48.25928292241817,-0.36769208505806006,0.7619095494003991
19,22260988,B3_NULL,r,12336,136,69.79943170262044,62.9102496030124,6.8891820996080355,-10.95081031005503
19,22260988,M1_NULL,burst.per.min,12192,136,33.6799241778816,32.739061202603416,0.9408629752781863,-2.8738239299402046
19,22260988,M1_NULL,meanfiringrate,12336,136,44.07111087407639,45.79151998338266,-1.7204091093062743,3.757047396396965
19,22260988,M1_NULL,nAE,12336,136,31.7457655658475,33.5041967688646,-1.7584312030171034,5.248390866218918
19,22260988,M1_NULL,ns.n,10464,125,48.73508502859565,48.25928292241817,0.47580210617747554,-0.9859286698113128
19,22260988,M1_NULL,r,12336,136,61.26780824730865,62.9102496030124,-1.6424413557037525,2.610769097354059
