endpoint,seed,outer_fold,bt_plus_plus_model,bt_plus_candidate_model,inner_bt_plus_mae,inner_dose_smooth_mae
burst.per.min,0,0,DOSE_SMOOTH,B0,32.52047216413685,32.27752112549237
meanfiringrate,0,0,DOSE_SMOOTH,B0,42.41765474180213,42.27300085397694
nAE,0,0,DOSE_SMOOTH,B2,31.14162600953685,29.14795812442323
ns.n,0,0,DOSE_SMOOTH,B0,46.85109590464557,46.05748754226653
r,0,0,BT+,B2,61.45512635206498,66.51280313420237
burst.per.min,0,1,DOSE_SMOOTH,B0,32.858147447122,32.3713643575201
meanfiringrate,0,1,DOSE_SMOOTH,B0,42.96590555196604,42.668847733497984
nAE,0,1,DOSE_SMOOTH,B2,32.18473275048574,28.427713936864983
ns.n,0,1,DOSE_SMOOTH,B0,47.3677526929684,46.57137463047247
r,0,1,BT+,B2,60.31932471636524,61.04032191538367
burst.per.min,0,2,DOSE_SMOOTH,B0,32.79020018613048,32.44838500032903
meanfiringrate,0,2,DOSE_SMOOTH,B0,45.15500170310458,44.8089824953683
nAE,0,2,BT+,B2,31.221971698465584,31.309838432881445
ns.n,0,2,DOSE_SMOOTH,B0,48.48379222596365,47.37153553395906
r,0,2,BT+,B2,61.50518093852128,79.14159472142575
burst.per.min,0,3,DOSE_SMOOTH,B0,33.84416814875017,33.439824863560425
meanfiringrate,0,3,DOSE_SMOOTH,B0,47.25291993392496,46.97042498614622
nAE,0,3,BT+,B2,30.626068699529515,34.18412360765987
ns.n,0,3,DOSE_SMOOTH,B0,50.39716293521413,49.42088414522799
r,0,3,BT+,B2,64.58417960364577,88.16534955204662
burst.per.min,0,4,DOSE_SMOOTH,B0,32.55863227490187,32.24388214311791
meanfiringrate,0,4,DOSE_SMOOTH,B0,48.4496659863682,47.46999342801463
nAE,0,4,BT+,B2,34.19560512036149,36.72208220768125
ns.n,0,4,DOSE_SMOOTH,B0,49.08756348068485,48.329402980047526
r,0,4,BT+,B2,67.94876191917263,94.5723165302191
burst.per.min,1,0,DOSE_SMOOTH,B0,33.43874676045005,33.006956723922265
meanfiringrate,1,0,DOSE_SMOOTH,B0,49.43849831012204,48.32466601835973
nAE,1,0,BT+,B2,33.13999015826163,38.525773715532495
ns.n,1,0,DOSE_SMOOTH,B0,50.40933051081912,49.42520941132309
r,1,0,BT+,B2,70.92506821461673,97.81790906668668
burst.per.min,1,1,DOSE_SMOOTH,B0,33.05821028796753,32.966424915629155
meanfiringrate,1,1,DOSE_SMOOTH,B0,45.42526142745181,45.03009220047137
nAE,1,1,BT+,B2,30.64764925894421,31.265375939575023
ns.n,1,1,DOSE_SMOOTH,B0,48.76398300128562,48.17917816340647
r,1,1,BT+,B2,61.58926502848613,68.68144033008379
burst.per.min,1,2,DOSE_SMOOTH,B0,31.37670955683346,31.149384311351547
meanfiringrate,1,2,BT+,B0,39.62492179791385,39.826786027195176
nAE,1,2,DOSE_SMOOTH,B0,29.51533991360324,24.899593711700803
ns.n,1,2,DOSE_SMOOTH,B0,45.278299476886616,44.40872241554874
r,1,2,DOSE_SMOOTH,B2,57.091231346619125,51.63465470180568
burst.per.min,1,3,DOSE_SMOOTH,B0,33.55330536468298,33.100429084750274
meanfiringrate,1,3,DOSE_SMOOTH,B0,48.423662512428734,47.78917068838216
nAE,1,3,BT+,B2,33.20206783955156,35.03635076191612
ns.n,1,3,DOSE_SMOOTH,B0,48.49375652741063,47.42842837895788
r,1,3,BT+,B2,66.47606542107275,92.59242926791158
burst.per.min,1,4,DOSE_SMOOTH,B0,32.60107430341619,32.43000947385263
meanfiringrate,1,4,BT+,B0,43.772897136795166,43.77721944036608
nAE,1,4,DOSE_SMOOTH,B2,31.485553201915515,30.888599291246948
ns.n,1,4,DOSE_SMOOTH,B0,48.39007700840282,47.60729956796371
r,1,4,BT+,B2,64.34880571131059,79.97848133877099
burst.per.min,2,0,DOSE_SMOOTH,B0,32.554836624304485,32.443426132794464
meanfiringrate,2,0,BT+,B0,43.16976627898563,43.178025359832645
nAE,2,0,DOSE_SMOOTH,B2,31.53584616391789,29.248846215561095
ns.n,2,0,DOSE_SMOOTH,B0,47.81273506382212,47.35344936289184
r,2,0,BT+,B2,57.71618238401484,60.84104018694725
burst.per.min,2,1,DOSE_SMOOTH,B0,33.1651119611057,32.47554111125279
meanfiringrate,2,1,DOSE_SMOOTH,B0,47.986711051506056,47.08304121299656
nAE,2,1,BT+,B2,34.19371224471429,34.98415326349418
ns.n,2,1,DOSE_SMOOTH,B0,48.90646876504636,47.68540498354605
r,2,1,BT+,B2,68.0215353190763,93.1189384094515
burst.per.min,2,2,DOSE_SMOOTH,B0,31.942264398775983,31.666446933698364
meanfiringrate,2,2,DOSE_SMOOTH,B0,41.80031673340103,41.78013104367666
nAE,2,2,DOSE_SMOOTH,B2,31.2666495299963,28.51240229453118
ns.n,2,2,DOSE_SMOOTH,B0,46.71363978083247,45.95027047190569
r,2,2,BT+,B2,61.08701804873757,66.16322893454053
burst.per.min,2,3,DOSE_SMOOTH,B0,34.32486505983114,33.88938026805651
meanfiringrate,2,3,DOSE_SMOOTH,B2,48.28105846980526,47.72476687268608
nAE,2,3,BT+,B2,30.64072174135593,36.28887819580256
ns.n,2,3,DOSE_SMOOTH,B0,50.07287503344962,49.184762770575645
r,2,3,BT+,B2,65.95561447980518,90.36709371680674
burst.per.min,2,4,DOSE_SMOOTH,B0,32.43920764057365,32.1406200026784
meanfiringrate,2,4,DOSE_SMOOTH,B0,45.242687640913424,44.72628785335133
nAE,2,4,DOSE_SMOOTH,B2,31.69227982610928,31.07623881351163
ns.n,2,4,DOSE_SMOOTH,B0,48.14969320391392,47.39215968408036
r,2,4,BT+,B2,63.12070512108251,79.03054507493161
