endpoint,seed,outer_fold,bt_plus_model
burst.per.min,0,0,B0
burst.per.min,0,1,B0
burst.per.min,0,2,B0
burst.per.min,0,3,B0
burst.per.min,0,4,B0
burst.per.min,1,0,B0
burst.per.min,1,1,B0
burst.per.min,1,2,B0
burst.per.min,1,3,B0
burst.per.min,1,4,B0
burst.per.min,2,0,B0
burst.per.min,2,1,B0
burst.per.min,2,2,B0
burst.per.min,2,3,B0
burst.per.min,2,4,B0
meanfiringrate,0,0,B0
meanfiringrate,0,1,B0
meanfiringrate,0,2,B0
meanfiringrate,0,3,B0
meanfiringrate,0,4,B0
meanfiringrate,1,0,B0
meanfiringrate,1,1,B0
meanfiringrate,1,2,B0
meanfiringrate,1,3,B0
meanfiringrate,1,4,B0
meanfiringrate,2,0,B0
meanfiringrate,2,1,B0
meanfiringrate,2,2,B0
meanfiringrate,2,3,B2
meanfiringrate,2,4,B0
nAE,0,0,B2
nAE,0,1,B2
nAE,0,2,B2
nAE,0,3,B2
nAE,0,4,B2
nAE,1,0,B2
nAE,1,1,B2
nAE,1,2,B0
nAE,1,3,B2
nAE,1,4,B2
nAE,2,0,B2
nAE,2,1,B2
nAE,2,2,B2
nAE,2,3,B2
nAE,2,4,B2
ns.n,0,0,B0
ns.n,0,1,B0
ns.n,0,2,B0
ns.n,0,3,B0
ns.n,0,4,B0
ns.n,1,0,B0
ns.n,1,1,B0
ns.n,1,2,B0
ns.n,1,3,B0
ns.n,1,4,B0
ns.n,2,0,B0
ns.n,2,1,B0
ns.n,2,2,B0
ns.n,2,3,B0
ns.n,2,4,B0
r,0,0,B2
r,0,1,B2
r,0,2,B2
r,0,3,B2
r,0,4,B2
r,1,0,B2
r,1,1,B2
r,1,2,B2
r,1,3,B2
r,1,4,B2
r,2,0,B2
r,2,1,B2
r,2,2,B2
r,2,3,B2
r,2,4,B2
