sample_id,casrn,endpoint,outer_fold,variant,bt_anchor_prediction,model_base_value,feature,family,feature_value,contribution,absolute_rank
ToxCast|MW1147-13|C5,56-81-5,meanfiringrate,1,bt_residual,97.21604043757003,23.621399,div7_meanfiringrate,DIV7 neural,1.688060035,-24.326416,1
ToxCast|MW1147-13|C5,56-81-5,meanfiringrate,1,bt_residual,97.21604043757003,23.621399,div7_cv.time,DIV7 neural,0.492403233,2.7059262,2
ToxCast|MW1147-13|C5,56-81-5,meanfiringrate,1,bt_residual,97.21604043757003,23.621399,div7_cv.network,DIV7 neural,2.573574982,2.5936966,3
ToxCast|MW1147-13|C5,56-81-5,meanfiringrate,1,bt_residual,97.21604043757003,23.621399,div7_mean.dur,DIV7 neural,1.0844375,-1.3821588,4
ToxCast|MW1147-13|C5,56-81-5,meanfiringrate,1,bt_residual,97.21604043757003,23.621399,div7_ns.percent.of.spikes.in.ns,DIV7 neural,5.872200534,1.1849766,5
ToxCast|MW1147-13|C5,56-81-5,meanfiringrate,1,bt_residual,97.21604043757003,23.621399,morgan_841,Morgan chemistry,0.0,1.1460441,6
ToxCast|MW1147-13|C5,56-81-5,meanfiringrate,1,bt_residual,97.21604043757003,23.621399,div5_mean.dur,DIV5 neural,0.6866,1.1372428,7
ToxCast|MW1147-13|C5,56-81-5,meanfiringrate,1,bt_residual,97.21604043757003,23.621399,div5_cv.time,DIV5 neural,0.495404375,1.0290713,8
ToxCast|MW1160-23|B5,1461-22-9,meanfiringrate,1,bt_residual,2176.4927672479444,23.621399,div5_meanfiringrate,DIV5 neural,2.693358239,84.815056,1
ToxCast|MW1160-23|B5,1461-22-9,meanfiringrate,1,bt_residual,2176.4927672479444,23.621399,div7_meanfiringrate,DIV7 neural,2.283558553,-22.865568,2
ToxCast|MW1160-23|B5,1461-22-9,meanfiringrate,1,bt_residual,2176.4927672479444,23.621399,div7_cv.time,DIV7 neural,0.58549818,5.384645,3
ToxCast|MW1160-23|B5,1461-22-9,meanfiringrate,1,bt_residual,2176.4927672479444,23.621399,div5_mean.dur,DIV5 neural,1.667,3.883635,4
ToxCast|MW1160-23|B5,1461-22-9,meanfiringrate,1,bt_residual,2176.4927672479444,23.621399,log10_1p_dose,dose,0.012837224705172217,-2.381237,5
ToxCast|MW1160-23|B5,1461-22-9,meanfiringrate,1,bt_residual,2176.4927672479444,23.621399,div7_nAE,DIV7 neural,9.0,1.9489343,6
ToxCast|MW1160-23|B5,1461-22-9,meanfiringrate,1,bt_residual,2176.4927672479444,23.621399,div7_per.spikes.in.burst,DIV7 neural,47.79571429,-1.8791199,7
ToxCast|MW1160-23|B5,1461-22-9,meanfiringrate,1,bt_residual,2176.4927672479444,23.621399,morgan_841,Morgan chemistry,0.0,1.7185988,8
ToxCast|MW1147-13|C5,56-81-5,burst.per.min,1,direct,0.0,84.87315,div7_r,DIV7 neural,0.156371171,5.7916927,1
ToxCast|MW1147-13|C5,56-81-5,burst.per.min,1,direct,0.0,84.87315,div7_burst.per.min,DIV7 neural,3.09,2.956999,2
ToxCast|MW1147-13|C5,56-81-5,burst.per.min,1,direct,0.0,84.87315,div7_meanfiringrate,DIV7 neural,1.688060035,1.7134587,3
ToxCast|MW1147-13|C5,56-81-5,burst.per.min,1,direct,0.0,84.87315,div7_cv.network,DIV7 neural,2.573574982,1.7042931,4
ToxCast|MW1147-13|C5,56-81-5,burst.per.min,1,direct,0.0,84.87315,div7_ns.peak.m,DIV7 neural,15.76923077,1.5296924,5
ToxCast|MW1147-13|C5,56-81-5,burst.per.min,1,direct,0.0,84.87315,log10_1p_dose,dose,0.3010299956639812,-1.3805147,6
ToxCast|MW1147-13|C5,56-81-5,burst.per.min,1,direct,0.0,84.87315,desc_MolWt,RDKit descriptor,92.09399999999998,1.2192655,7
ToxCast|MW1147-13|C5,56-81-5,burst.per.min,1,direct,0.0,84.87315,desc_NumAliphaticRings,RDKit descriptor,0.0,1.2079589,8
ToxCast|MW1147-13|C5,56-81-5,nAE,1,bt_residual,112.5,16.407637,div7_nAE,DIV7 neural,16.0,-17.42492,1
ToxCast|MW1147-13|C5,56-81-5,nAE,1,bt_residual,112.5,16.407637,div7_cv.time,DIV7 neural,0.492403233,-4.6503887,2
ToxCast|MW1147-13|C5,56-81-5,nAE,1,bt_residual,112.5,16.407637,div7_ns.peak.m,DIV7 neural,15.76923077,-4.4363155,3
ToxCast|MW1147-13|C5,56-81-5,nAE,1,bt_residual,112.5,16.407637,div7_nABE,DIV7 neural,16.0,-3.443712,4
ToxCast|MW1147-13|C5,56-81-5,nAE,1,bt_residual,112.5,16.407637,div7_ns.durn.m,DIV7 neural,0.300054945,-2.3006134,5
ToxCast|MW1147-13|C5,56-81-5,nAE,1,bt_residual,112.5,16.407637,div5_nAE,DIV5 neural,12.0,0.8809867,6
ToxCast|MW1147-13|C5,56-81-5,nAE,1,bt_residual,112.5,16.407637,desc_MolWt,RDKit descriptor,92.09399999999998,0.7512598,7
ToxCast|MW1147-13|C5,56-81-5,nAE,1,bt_residual,112.5,16.407637,morgan_840,Morgan chemistry,0.0,0.5471926,8
ToxCast|MW1160-23|B5,1461-22-9,nAE,1,bt_residual,2400.0,16.407637,div5_meanfiringrate,DIV5 neural,2.693358239,-15.659783,1
ToxCast|MW1160-23|B5,1461-22-9,nAE,1,bt_residual,2400.0,16.407637,div7_ns.n,DIV7 neural,9.0,5.836189,2
ToxCast|MW1160-23|B5,1461-22-9,nAE,1,bt_residual,2400.0,16.407637,div7_nABE,DIV7 neural,7.0,3.4429443,3
ToxCast|MW1160-23|B5,1461-22-9,nAE,1,bt_residual,2400.0,16.407637,div7_nAE,DIV7 neural,9.0,-3.0958993,4
ToxCast|MW1160-23|B5,1461-22-9,nAE,1,bt_residual,2400.0,16.407637,div7_ns.peak.m,DIV7 neural,10.44444444,-2.8929095,5
ToxCast|MW1160-23|B5,1461-22-9,nAE,1,bt_residual,2400.0,16.407637,div7_cv.time,DIV7 neural,0.58549818,-2.6534603,6
ToxCast|MW1160-23|B5,1461-22-9,nAE,1,bt_residual,2400.0,16.407637,desc_RingCount,RDKit descriptor,0.0,2.2505903,7
ToxCast|MW1160-23|B5,1461-22-9,nAE,1,bt_residual,2400.0,16.407637,desc_FractionCSP3,RDKit descriptor,1.0,1.8914411,8
ToxCast|MW1147-13|C5,56-81-5,ns.n,1,direct,0.0,92.67442,morgan_227,Morgan chemistry,1.0,-10.216985,1
ToxCast|MW1147-13|C5,56-81-5,ns.n,1,direct,0.0,92.67442,div7_nAE,DIV7 neural,16.0,4.578483,2
ToxCast|MW1147-13|C5,56-81-5,ns.n,1,direct,0.0,92.67442,div7_cv.network,DIV7 neural,2.573574982,4.4777813,3
ToxCast|MW1147-13|C5,56-81-5,ns.n,1,direct,0.0,92.67442,div7_r,DIV7 neural,0.156371171,4.454896,4
ToxCast|MW1147-13|C5,56-81-5,ns.n,1,direct,0.0,92.67442,desc_MolWt,RDKit descriptor,92.09399999999998,3.3830392,5
ToxCast|MW1147-13|C5,56-81-5,ns.n,1,direct,0.0,92.67442,div7_ns.peak.m,DIV7 neural,15.76923077,1.9020559,6
ToxCast|MW1147-13|C5,56-81-5,ns.n,1,direct,0.0,92.67442,desc_MolLogP,RDKit descriptor,-1.6681000000000001,-1.8712164,7
ToxCast|MW1147-13|C5,56-81-5,ns.n,1,direct,0.0,92.67442,desc_MolMR,RDKit descriptor,20.178400000000003,-1.7305368,8
ToxCast|MW1147-13|C5,56-81-5,r,1,bt_residual,149.09548467745435,30.74114,div7_r,DIV7 neural,0.156371171,-75.08623,1
ToxCast|MW1147-13|C5,56-81-5,r,1,bt_residual,149.09548467745435,30.74114,div7_ns.peak.m,DIV7 neural,15.76923077,16.718061,2
ToxCast|MW1147-13|C5,56-81-5,r,1,bt_residual,149.09548467745435,30.74114,div5_ns.peak.m,DIV5 neural,9.4,14.547782,3
ToxCast|MW1147-13|C5,56-81-5,r,1,bt_residual,149.09548467745435,30.74114,morgan_1802,Morgan chemistry,0.0,-13.588623,4
ToxCast|MW1147-13|C5,56-81-5,r,1,bt_residual,149.09548467745435,30.74114,div5_meanfiringrate,DIV5 neural,1.005459051,6.231127,5
ToxCast|MW1147-13|C5,56-81-5,r,1,bt_residual,149.09548467745435,30.74114,div7_ns.percent.of.spikes.in.ns,DIV7 neural,5.872200534,-6.0383863,6
ToxCast|MW1147-13|C5,56-81-5,r,1,bt_residual,149.09548467745435,30.74114,div5_mean.isis,DIV5 neural,0.08100496,-5.342683,7
ToxCast|MW1147-13|C5,56-81-5,r,1,bt_residual,149.09548467745435,30.74114,div7_nAE,DIV7 neural,16.0,4.8219056,8
ToxCast|MW1160-23|B5,1461-22-9,r,1,bt_residual,2651.767613782644,30.74114,div7_r,DIV7 neural,0.032203436,24.646164,1
ToxCast|MW1160-23|B5,1461-22-9,r,1,bt_residual,2651.767613782644,30.74114,div7_ns.mean.insis,DIV7 neural,100.5875,-3.5372493,2
ToxCast|MW1160-23|B5,1461-22-9,r,1,bt_residual,2651.767613782644,30.74114,div7_ns.percent.of.spikes.in.ns,DIV7 neural,1.177356056,3.2553325,3
ToxCast|MW1160-23|B5,1461-22-9,r,1,bt_residual,2651.767613782644,30.74114,div5_meanfiringrate,DIV5 neural,2.693358239,2.8802066,4
ToxCast|MW1160-23|B5,1461-22-9,r,1,bt_residual,2651.767613782644,30.74114,div7_mean.dur,DIV7 neural,2.457714286,2.5939646,5
ToxCast|MW1160-23|B5,1461-22-9,r,1,bt_residual,2651.767613782644,30.74114,morgan_1802,Morgan chemistry,0.0,-1.8667747,6
ToxCast|MW1160-23|B5,1461-22-9,r,1,bt_residual,2651.767613782644,30.74114,div5_mean.dur,DIV5 neural,1.667,-1.6551955,7
ToxCast|MW1160-23|B5,1461-22-9,r,1,bt_residual,2651.767613782644,30.74114,div5_burst.per.min,DIV5 neural,2.36,1.3298384,8
ToxCast|MW1160-23|C7,7487-94-7,meanfiringrate,2,bt_residual,2159.1109457212265,23.822136,div7_meanfiringrate,DIV7 neural,1.704617788,-11.075461,1
ToxCast|MW1160-23|C7,7487-94-7,meanfiringrate,2,bt_residual,2159.1109457212265,23.822136,div7_mean.dur,DIV7 neural,0.693666667,0.8708977,2
ToxCast|MW1160-23|C7,7487-94-7,meanfiringrate,2,bt_residual,2159.1109457212265,23.822136,div5_r,DIV5 neural,0.004165446,0.6716878,3
ToxCast|MW1160-23|C7,7487-94-7,meanfiringrate,2,bt_residual,2159.1109457212265,23.822136,div7_nABE,DIV7 neural,6.0,0.6090288,4
ToxCast|MW1160-23|C7,7487-94-7,meanfiringrate,2,bt_residual,2159.1109457212265,23.822136,morgan_0,Morgan chemistry,0.0,-0.421831,5
ToxCast|MW1160-23|C7,7487-94-7,meanfiringrate,2,bt_residual,2159.1109457212265,23.822136,div7_burst.per.min,DIV7 neural,3.336,0.39379367,6
ToxCast|MW1160-23|C7,7487-94-7,meanfiringrate,2,bt_residual,2159.1109457212265,23.822136,div7_cv.time,DIV7 neural,0.725149219,0.28143197,7
ToxCast|MW1160-23|C7,7487-94-7,meanfiringrate,2,bt_residual,2159.1109457212265,23.822136,div7_ns.durn.m,DIV7 neural,0.243427579,0.24627937,8
ToxCast|MW1160-23|C7,7487-94-7,nAE,2,bt_residual,2900.0,16.877483,div7_nAE,DIV7 neural,10.0,-2.7323809,1
ToxCast|MW1160-23|C7,7487-94-7,nAE,2,bt_residual,2900.0,16.877483,div7_ns.mean.insis,DIV7 neural,74.21818182,0.17303838,2
ToxCast|MW1160-23|C7,7487-94-7,nAE,2,bt_residual,2900.0,16.877483,div5_meanfiringrate,DIV5 neural,0.98973695,0.1633326,3
ToxCast|MW1160-23|C7,7487-94-7,nAE,2,bt_residual,2900.0,16.877483,morgan_445,Morgan chemistry,0.0,0.14122958,4
ToxCast|MW1160-23|C7,7487-94-7,nAE,2,bt_residual,2900.0,16.877483,div5_mean.dur,DIV5 neural,0.659,0.1408757,5
ToxCast|MW1160-23|C7,7487-94-7,nAE,2,bt_residual,2900.0,16.877483,morgan_0,Morgan chemistry,0.0,0.1228316,6
ToxCast|MW1160-23|C7,7487-94-7,nAE,2,bt_residual,2900.0,16.877483,div5_mean.isis,DIV5 neural,0.066500168,0.06058837,7
ToxCast|MW1160-23|C7,7487-94-7,nAE,2,bt_residual,2900.0,16.877483,div5_ns.durn.sd,DIV5 neural,,0.056886405,8
ToxCast|MW1160-23|C7,7487-94-7,r,2,bt_residual,2174.780431437615,31.560534,div7_r,DIV7 neural,0.030197589,27.794996,1
ToxCast|MW1160-23|C7,7487-94-7,r,2,bt_residual,2174.780431437615,31.560534,morgan_0,Morgan chemistry,0.0,-5.3341875,2
ToxCast|MW1160-23|C7,7487-94-7,r,2,bt_residual,2174.780431437615,31.560534,div7_burst.per.min,DIV7 neural,3.336,3.313562,3
ToxCast|MW1160-23|C7,7487-94-7,r,2,bt_residual,2174.780431437615,31.560534,morgan_316,Morgan chemistry,0.0,-2.8496416,4
ToxCast|MW1160-23|C7,7487-94-7,r,2,bt_residual,2174.780431437615,31.560534,div7_ns.percent.of.spikes.in.ns,DIV7 neural,1.139842376,-2.08479,5
ToxCast|MW1160-23|C7,7487-94-7,r,2,bt_residual,2174.780431437615,31.560534,div5_mean.dur,DIV5 neural,0.659,-1.9504015,6
ToxCast|MW1160-23|C7,7487-94-7,r,2,bt_residual,2174.780431437615,31.560534,div5_r,DIV5 neural,0.004165446,-1.0514667,7
ToxCast|MW1160-23|C7,7487-94-7,r,2,bt_residual,2174.780431437615,31.560534,div7_mean.isis,DIV7 neural,0.067665952,0.89374375,8
ToxCast|MW1145-22|A3,117428-22-5,meanfiringrate,3,bt_residual,51.58302749472495,23.260765,div7_meanfiringrate,DIV7 neural,0.479661226,26.993202,1
ToxCast|MW1145-22|A3,117428-22-5,meanfiringrate,3,bt_residual,51.58302749472495,23.260765,div7_cv.network,DIV7 neural,2.958464638,5.6382995,2
ToxCast|MW1145-22|A3,117428-22-5,meanfiringrate,3,bt_residual,51.58302749472495,23.260765,div7_ns.percent.of.spikes.in.ns,DIV7 neural,8.640251353,1.8041602,3
ToxCast|MW1145-22|A3,117428-22-5,meanfiringrate,3,bt_residual,51.58302749472495,23.260765,morgan_841,Morgan chemistry,1.0,-1.7695568,4
ToxCast|MW1145-22|A3,117428-22-5,meanfiringrate,3,bt_residual,51.58302749472495,23.260765,div5_meanfiringrate,DIV5 neural,0.286435202,-1.2927424,5
ToxCast|MW1145-22|A3,117428-22-5,meanfiringrate,3,bt_residual,51.58302749472495,23.260765,desc_MolMR,RDKit descriptor,87.01500000000003,0.7630079,6
ToxCast|MW1145-22|A3,117428-22-5,meanfiringrate,3,bt_residual,51.58302749472495,23.260765,div7_cv.time,DIV7 neural,0.776611883,-0.7560218,7
ToxCast|MW1145-22|A3,117428-22-5,meanfiringrate,3,bt_residual,51.58302749472495,23.260765,div7_ns.peak.m,DIV7 neural,12.0,0.68379956,8
ToxCast|MW1145-22|A3,117428-22-5,burst.per.min,3,direct,0.0,83.75029,div7_r,DIV7 neural,0.094141813,8.3308525,1
ToxCast|MW1145-22|A3,117428-22-5,burst.per.min,3,direct,0.0,83.75029,log10_1p_dose,dose,0.012837224705172217,3.9820414,2
ToxCast|MW1145-22|A3,117428-22-5,burst.per.min,3,direct,0.0,83.75029,div7_burst.per.min,DIV7 neural,1.010769231,2.727388,3
ToxCast|MW1145-22|A3,117428-22-5,burst.per.min,3,direct,0.0,83.75029,div7_cv.network,DIV7 neural,2.958464638,1.9043399,4
ToxCast|MW1145-22|A3,117428-22-5,burst.per.min,3,direct,0.0,83.75029,morgan_1597,Morgan chemistry,1.0,-1.848344,5
ToxCast|MW1145-22|A3,117428-22-5,burst.per.min,3,direct,0.0,83.75029,div7_ns.peak.m,DIV7 neural,12.0,1.5811777,6
ToxCast|MW1145-22|A3,117428-22-5,burst.per.min,3,direct,0.0,83.75029,desc_HeavyAtomCount,RDKit descriptor,26.0,-1.4993119,7
ToxCast|MW1145-22|A3,117428-22-5,burst.per.min,3,direct,0.0,83.75029,morgan_841,Morgan chemistry,1.0,-1.2815393,8
ToxCast|MW1145-22|A3,117428-22-5,nAE,3,bt_residual,100.0,16.457127,div7_nAE,DIV7 neural,13.0,-16.008192,1
ToxCast|MW1145-22|A3,117428-22-5,nAE,3,bt_residual,100.0,16.457127,div7_nABE,DIV7 neural,9.0,-5.756383,2
ToxCast|MW1145-22|A3,117428-22-5,nAE,3,bt_residual,100.0,16.457127,div7_cv.time,DIV7 neural,0.776611883,1.0613579,3
ToxCast|MW1145-22|A3,117428-22-5,nAE,3,bt_residual,100.0,16.457127,div7_ns.durn.m,DIV7 neural,0.173552967,-0.76938874,4
ToxCast|MW1145-22|A3,117428-22-5,nAE,3,bt_residual,100.0,16.457127,div5_cv.network,DIV5 neural,2.567684052,-0.7625123,5
ToxCast|MW1145-22|A3,117428-22-5,nAE,3,bt_residual,100.0,16.457127,div7_per.spikes.in.burst,DIV7 neural,51.00911111,0.65798193,6
ToxCast|MW1145-22|A3,117428-22-5,nAE,3,bt_residual,100.0,16.457127,div7_mean.IBIs,DIV7 neural,53.49233333,-0.6556172,7
ToxCast|MW1145-22|A3,117428-22-5,nAE,3,bt_residual,100.0,16.457127,div7_mean.isis,DIV7 neural,0.042570556,0.5709649,8
ToxCast|MW1145-22|A3,117428-22-5,ns.n,3,direct,0.0,93.561005,div7_cv.network,DIV7 neural,2.958464638,5.2663517,1
ToxCast|MW1145-22|A3,117428-22-5,ns.n,3,direct,0.0,93.561005,div7_r,DIV7 neural,0.094141813,4.260832,2
ToxCast|MW1145-22|A3,117428-22-5,ns.n,3,direct,0.0,93.561005,div7_ns.peak.m,DIV7 neural,12.0,3.495643,3
ToxCast|MW1145-22|A3,117428-22-5,ns.n,3,direct,0.0,93.561005,div7_burst.per.min,DIV7 neural,1.010769231,2.8408546,4
ToxCast|MW1145-22|A3,117428-22-5,ns.n,3,direct,0.0,93.561005,div5_meanfiringrate,DIV5 neural,0.286435202,1.6073982,5
ToxCast|MW1145-22|A3,117428-22-5,ns.n,3,direct,0.0,93.561005,div7_nAE,DIV7 neural,13.0,1.4288311,6
ToxCast|MW1145-22|A3,117428-22-5,ns.n,3,direct,0.0,93.561005,morgan_0,Morgan chemistry,0.0,-1.3955777,7
ToxCast|MW1145-22|A3,117428-22-5,ns.n,3,direct,0.0,93.561005,div5_cv.time,DIV5 neural,0.880675385,1.287188,8
ToxCast|MW1145-22|A3,117428-22-5,r,3,bt_residual,83.88772368842052,36.31072,div7_r,DIV7 neural,0.094141813,-16.900997,1
ToxCast|MW1145-22|A3,117428-22-5,r,3,bt_residual,83.88772368842052,36.31072,div5_r,DIV5 neural,0.023965874,15.130256,2
ToxCast|MW1145-22|A3,117428-22-5,r,3,bt_residual,83.88772368842052,36.31072,morgan_0,Morgan chemistry,0.0,-11.683703,3
ToxCast|MW1145-22|A3,117428-22-5,r,3,bt_residual,83.88772368842052,36.31072,div7_nAE,DIV7 neural,13.0,8.685246,4
ToxCast|MW1145-22|A3,117428-22-5,r,3,bt_residual,83.88772368842052,36.31072,morgan_1802,Morgan chemistry,0.0,-6.8827496,5
ToxCast|MW1145-22|A3,117428-22-5,r,3,bt_residual,83.88772368842052,36.31072,div5_cv.network,DIV5 neural,2.567684052,3.0770676,6
ToxCast|MW1145-22|A3,117428-22-5,r,3,bt_residual,83.88772368842052,36.31072,desc_MolMR,RDKit descriptor,87.01500000000003,-2.5715795,7
ToxCast|MW1145-22|A3,117428-22-5,r,3,bt_residual,83.88772368842052,36.31072,div5_mean.dur,DIV5 neural,0.333,-2.3036864,8
ToxCast|MW1147-5|E4,86-73-7,meanfiringrate,4,bt_residual,84.4603467697229,23.028244,div7_meanfiringrate,DIV7 neural,1.456340202,-17.672867,1
ToxCast|MW1147-5|E4,86-73-7,meanfiringrate,4,bt_residual,84.4603467697229,23.028244,div7_mean.isis,DIV7 neural,0.041574051,2.3780215,2
ToxCast|MW1147-5|E4,86-73-7,meanfiringrate,4,bt_residual,84.4603467697229,23.028244,div5_ns.n,DIV5 neural,10.0,2.2092109,3
ToxCast|MW1147-5|E4,86-73-7,meanfiringrate,4,bt_residual,84.4603467697229,23.028244,div7_cv.time,DIV7 neural,0.331403837,1.9569683,4
ToxCast|MW1147-5|E4,86-73-7,meanfiringrate,4,bt_residual,84.4603467697229,23.028244,div5_burst.per.min,DIV5 neural,1.666153846,-1.5613899,5
ToxCast|MW1147-5|E4,86-73-7,meanfiringrate,4,bt_residual,84.4603467697229,23.028244,div5_meanfiringrate,DIV5 neural,0.784948127,-1.4557097,6
ToxCast|MW1147-5|E4,86-73-7,meanfiringrate,4,bt_residual,84.4603467697229,23.028244,div5_mean.dur,DIV5 neural,0.455166667,-1.4189116,7
ToxCast|MW1147-5|E4,86-73-7,meanfiringrate,4,bt_residual,84.4603467697229,23.028244,morgan_300,Morgan chemistry,0.0,-1.302228,8
ToxCast|MW1147-5|E4,86-73-7,burst.per.min,4,direct,0.0,86.79334,div7_cv.time,DIV7 neural,0.331403837,4.207833,1
ToxCast|MW1147-5|E4,86-73-7,burst.per.min,4,direct,0.0,86.79334,div7_r,DIV7 neural,0.120633433,4.070664,2
ToxCast|MW1147-5|E4,86-73-7,burst.per.min,4,direct,0.0,86.79334,desc_MolWt,RDKit descriptor,166.22299999999998,2.8374705,3
ToxCast|MW1147-5|E4,86-73-7,burst.per.min,4,direct,0.0,86.79334,desc_ExactMolWt,RDKit descriptor,166.07825032,2.0655534,4
ToxCast|MW1147-5|E4,86-73-7,burst.per.min,4,direct,0.0,86.79334,div7_meanfiringrate,DIV7 neural,1.456340202,1.9796731,5
ToxCast|MW1147-5|E4,86-73-7,burst.per.min,4,direct,0.0,86.79334,morgan_984,Morgan chemistry,1.0,-1.6991714,6
ToxCast|MW1147-5|E4,86-73-7,burst.per.min,4,direct,0.0,86.79334,div5_ns.durn.m,DIV5 neural,0.309424603,1.3567865,7
ToxCast|MW1147-5|E4,86-73-7,burst.per.min,4,direct,0.0,86.79334,desc_NumAliphaticRings,RDKit descriptor,1.0,-1.2538488,8
ToxCast|MW1147-5|E4,86-73-7,nAE,4,bt_residual,109.375,18.256313,div7_nAE,DIV7 neural,16.0,-32.867466,1
ToxCast|MW1147-5|E4,86-73-7,nAE,4,bt_residual,109.375,18.256313,div5_r,DIV5 neural,0.050301348,1.4980761,2
ToxCast|MW1147-5|E4,86-73-7,nAE,4,bt_residual,109.375,18.256313,div5_meanfiringrate,DIV5 neural,0.784948127,1.067584,3
ToxCast|MW1147-5|E4,86-73-7,nAE,4,bt_residual,109.375,18.256313,morgan_252,Morgan chemistry,0.0,0.8781678,4
ToxCast|MW1147-5|E4,86-73-7,nAE,4,bt_residual,109.375,18.256313,morgan_0,Morgan chemistry,0.0,0.67184806,5
ToxCast|MW1147-5|E4,86-73-7,nAE,4,bt_residual,109.375,18.256313,div7_burst.per.min,DIV7 neural,3.49875,-0.5762728,6
ToxCast|MW1147-5|E4,86-73-7,nAE,4,bt_residual,109.375,18.256313,desc_MolWt,RDKit descriptor,166.22299999999998,0.5720797,7
ToxCast|MW1147-5|E4,86-73-7,nAE,4,bt_residual,109.375,18.256313,morgan_1802,Morgan chemistry,0.0,0.43639216,8
ToxCast|MW1147-5|E4,86-73-7,ns.n,4,direct,0.0,95.35935,div7_r,DIV7 neural,0.120633433,4.029516,1
ToxCast|MW1147-5|E4,86-73-7,ns.n,4,direct,0.0,95.35935,div7_burst.per.min,DIV7 neural,3.49875,3.2356741,2
ToxCast|MW1147-5|E4,86-73-7,ns.n,4,direct,0.0,95.35935,desc_MolWt,RDKit descriptor,166.22299999999998,3.1942601,3
ToxCast|MW1147-5|E4,86-73-7,ns.n,4,direct,0.0,95.35935,div7_nAE,DIV7 neural,16.0,2.8353136,4
ToxCast|MW1147-5|E4,86-73-7,ns.n,4,direct,0.0,95.35935,morgan_0,Morgan chemistry,0.0,-2.085126,5
ToxCast|MW1147-5|E4,86-73-7,ns.n,4,direct,0.0,95.35935,div5_ns.peak.m,DIV5 neural,11.9,1.7352054,6
ToxCast|MW1147-5|E4,86-73-7,ns.n,4,direct,0.0,95.35935,morgan_1802,Morgan chemistry,0.0,-1.7067907,7
ToxCast|MW1147-5|E4,86-73-7,ns.n,4,direct,0.0,95.35935,div7_ns.peak.m,DIV7 neural,13.02222222,1.3755715,8
ToxCast|MW1147-5|E4,86-73-7,r,4,bt_residual,96.28733941384257,35.599236,div7_r,DIV7 neural,0.120633433,-18.207668,1
ToxCast|MW1147-5|E4,86-73-7,r,4,bt_residual,96.28733941384257,35.599236,div7_ns.percent.of.spikes.in.ns,DIV7 neural,6.629545022,-8.967493,2
ToxCast|MW1147-5|E4,86-73-7,r,4,bt_residual,96.28733941384257,35.599236,div5_ns.mean.spikes.in.ns,DIV5 neural,16.8,7.8835635,3
ToxCast|MW1147-5|E4,86-73-7,r,4,bt_residual,96.28733941384257,35.599236,morgan_1802,Morgan chemistry,0.0,-4.115899,4
ToxCast|MW1147-5|E4,86-73-7,r,4,bt_residual,96.28733941384257,35.599236,div5_mean.isis,DIV5 neural,0.06258309,-3.3467457,5
ToxCast|MW1147-5|E4,86-73-7,r,4,bt_residual,96.28733941384257,35.599236,div7_burst.per.min,DIV7 neural,3.49875,1.9442004,6
ToxCast|MW1147-5|E4,86-73-7,r,4,bt_residual,96.28733941384257,35.599236,div7_nAE,DIV7 neural,16.0,1.9319774,7
ToxCast|MW1147-5|E4,86-73-7,r,4,bt_residual,96.28733941384257,35.599236,div5_meanfiringrate,DIV5 neural,0.784948127,-1.7329087,8
