model,endpoint,cohort,n_rows,n_chemicals,mae,original_bt_mae,bt_plus_mae,delta_mae_vs_original_bt,delta_mae_vs_original_bt_ci_low,delta_mae_vs_original_bt_ci_high,relative_gain_vs_original_bt_percent,delta_mae_vs_bt_plus,delta_mae_vs_bt_plus_ci_low,delta_mae_vs_bt_plus_ci_high,relative_gain_vs_bt_plus_percent
B3,burst.per.min,NTP,4176,50,24.69738672966354,45.926327122775696,30.48515619306123,-21.228940393112158,-26.070658510136756,-16.753255361411757,46.223901894789975,-5.787769463397691,-8.228599996599995,-3.2545323715020427,18.985533243602188
B3,burst.per.min,ToxCast,8016,97,27.749774329056617,45.68118114856539,33.9132512375146,-17.931406819508776,-21.6111091056546,-14.251325346520911,39.25337823729172,-6.163476908457984,-8.320817475282205,-4.217159080188206,18.17424364680196
B3,meanfiringrate,NTP,4176,50,29.206428029824362,44.09206703035138,35.431011849866636,-14.885639000527018,-19.56611877658171,-10.646851674092822,33.76035646113003,-6.224583820042273,-8.65121628909643,-3.9898971325422163,17.568179668190037
B3,meanfiringrate,ToxCast,8160,97,46.308131463667614,50.16609882362199,51.09366238112323,-3.8579673599543725,-10.287544910664716,3.514026561492276,7.690387433789749,-4.785530917455617,-8.020357860802044,-1.881085760417244,9.36619278093412
B3,nAE,NTP,4176,50,13.375200061988869,29.326672269688757,29.09327444477173,-15.951472207699888,-22.856889726441857,-10.240322142929799,54.39237040264842,-15.718074382782861,-22.733252440152906,-10.221325544265081,54.02648784900701
B3,nAE,ToxCast,8160,97,36.89087338870023,33.1696557160879,35.7615511347239,3.721217672612326,-9.158208207688087,18.263801663671245,-11.21874072032489,1.1293222539763264,-9.655517752406992,13.093995471814043,-3.1579230154806464
B3,ns.n,NTP,3744,48,35.264214988176334,62.407754308294244,43.13368528893474,-27.14353932011791,-33.28865740447035,-21.579636738793003,43.493856846745125,-7.869470300758408,-11.410199051308158,-4.775107199747727,18.244372693972416
B3,ns.n,ToxCast,6720,86,42.21560842998393,55.02942066949392,51.11497303250179,-12.813812239509993,-18.9162233962327,-7.955288992708417,23.285384588127148,-8.899364602517856,-12.287318241243785,-5.57070814741649,17.410484784681657
B3,r,NTP,4176,50,37.88193895750436,41.09799972959039,41.09799972959039,-3.2160607720860312,-11.715935874940072,5.4081526135283395,7.825346229126768,-3.2160607720860312,-11.715935874940072,5.4081526135283395,7.825346229126768
B3,r,ToxCast,8160,97,97.75871594194628,74.0729892441166,74.0729892441166,23.68572669782968,-5.066749866852665,56.915113972617256,-31.976199340046165,23.68572669782968,-5.066749866852665,56.915113972617256,-31.976199340046165
M1,burst.per.min,NTP,4176,50,24.958098165105365,45.926327122775696,30.48515619306123,-20.96822895767033,-25.90249846241769,-16.74745932103679,45.65622872827513,-5.527058027955864,-7.833996513603701,-3.1417488585569076,18.130325437577667
M1,burst.per.min,ToxCast,8016,97,28.323975599882086,45.68118114856539,33.9132512375146,-17.357205548683307,-20.971653059264636,-13.770303130592195,37.996402702972595,-5.589275637632515,-7.862325062416991,-3.388002566051981,16.481096425959
M1,meanfiringrate,NTP,4176,50,29.998923710079094,44.09206703035138,35.431011849866636,-14.093143320272286,-17.504066967430262,-10.756419337356899,31.962990781473405,-5.432088139787542,-8.724099173857834,-2.1001179621789396,15.331450772010589
M1,meanfiringrate,ToxCast,8160,97,44.05189282752446,50.16609882362199,51.09366238112323,-6.114205996097525,-10.76586187790844,-0.5448473115095874,12.187923995434332,-7.041769553598769,-13.48941476757366,0.4380455533835815,13.78208025306947
M1,nAE,NTP,4176,50,15.07704809309146,29.326672269688757,29.09327444477173,-14.249624176597298,-18.763124955115295,-10.663394846309796,48.589297979523295,-14.01622635168027,-18.348576138805228,-10.555628596770196,48.17686086964022
M1,nAE,ToxCast,8160,97,23.158187511773402,33.1696557160879,35.7615511347239,-10.0114682043145,-13.480585462670371,-6.562845727749072,30.182611149197882,-12.6033636229505,-18.361809772307147,-7.69996452423341,35.242776733788915
M1,ns.n,NTP,3744,48,36.08956054392928,62.407754308294244,43.13368528893474,-26.318193764364963,-32.48959726014199,-20.50681517854831,42.17135203159709,-7.044124745005462,-10.294593368615578,-3.8298832686653297,16.330913293913515
M1,ns.n,ToxCast,6720,86,43.30535730087053,55.02942066949392,51.11497303250179,-11.72406336862339,-17.970199506527806,-6.574298460507158,21.305082310493475,-7.809615731631254,-11.598021151405714,-3.791320980365523,15.27852851778961
M1,r,NTP,4176,50,25.541782282594927,41.09799972959039,41.09799972959039,-15.556217446995465,-19.0607504631308,-11.960646104595922,37.85151965874157,-15.556217446995465,-19.0607504631308,-11.960646104595922,37.85151965874157
M1,r,ToxCast,8160,97,60.42282878666932,74.0729892441166,74.0729892441166,-13.650160457447278,-17.883243287385145,-9.28584926113547,18.427986499183262,-13.650160457447278,-17.883243287385145,-9.28584926113547,18.427986499183262
