model,endpoint,dose_stratum,n_rows,n_chemicals,mae,original_bt_mae,bt_plus_mae,delta_mae_vs_original_bt,delta_mae_vs_original_bt_ci_low,delta_mae_vs_original_bt_ci_high,relative_gain_vs_original_bt_percent,delta_mae_vs_bt_plus,delta_mae_vs_bt_plus_ci_low,delta_mae_vs_bt_plus_ci_high,relative_gain_vs_bt_plus_percent
B3,burst.per.min,high,2679,134,26.99570601636966,38.896189158332646,42.945386563035036,-11.900483141962987,-16.981789201844936,-7.311459490567891,30.59549894083537,-15.949680546665377,-19.651937566550696,-12.132570309948006,37.1394504116397
B3,burst.per.min,low,3705,136,28.185599678068296,47.744611354152745,30.77439593686157,-19.55901167608445,-24.569003461918165,-13.988432269492803,40.965904049365015,-2.5887962587932734,-4.962688466626823,-0.41229238106185956,8.412175706404081
B3,burst.per.min,mid,4284,135,27.935095896015284,47.68834332191037,33.112949149876506,-19.753247425895083,-24.010663825012006,-15.428918813729233,41.42154256136524,-5.1778532538612225,-7.845284018251015,-2.7678251009426726,15.636943814412657
B3,burst.per.min,zero,1524,136,19.13082937084381,47.62149051065509,18.52292157193365,-28.490661139811284,-32.18731443200765,-25.04491505355977,59.82731920882784,0.6079077989101584,-0.12237426382765441,1.3075747799559072,-3.28192178836018
B3,meanfiringrate,high,2715,134,35.58308279940627,38.03296484389218,45.58223350058472,-2.4498820444859106,-8.5127505898298,3.0377180903054897,6.441470062987593,-9.99915070117845,-12.96346530183726,-6.964545116870378,21.93650888355478
B3,meanfiringrate,low,3741,136,46.43508260941651,50.14016707126142,52.73348635265567,-3.705084461844912,-13.967822456592563,7.901659278427121,7.3894537618494205,-6.298403743239156,-10.164180558655882,-2.831071490717176,11.943840961165595
B3,meanfiringrate,mid,4338,135,42.22437834890214,50.245999756357826,44.41811323222572,-8.021621407455683,-13.864555661530314,-2.3589557427206227,15.964696585504154,-2.193734883323579,-5.433779680542062,1.3532477772023612,4.938829508255667
B3,meanfiringrate,zero,1542,136,30.057930659093106,54.9175271152181,33.18202264217966,-24.859596456124994,-35.67693493628938,-13.527025133038542,45.2671446840078,-3.1240919830865543,-5.879596582473461,-0.7562383989394291,9.415013716238423
B3,nAE,high,2715,134,26.157797531663444,28.005930598603822,29.351741422164444,-1.8481330669403775,-9.439396045429262,5.6771135983390915,6.599077507649442,-3.193943890501,-10.217804002518214,3.8708270885911156,10.881616339428332
B3,nAE,low,3741,136,34.891889866974985,31.905750268241245,34.74174731684369,2.9861395987337396,-11.450980416790221,19.57880139070621,-9.359252089759261,0.1501425501312923,-12.38357903625411,14.406101542613873,-0.43216752675677694
B3,nAE,mid,4338,135,28.739868750681918,31.597170350677608,33.066603310237745,-2.85730159999569,-14.446197297149347,10.765314056832246,9.042903425478462,-4.3267345595558275,-14.063884250350307,6.65538349619787,13.08490781155084
B3,nAE,zero,1542,136,19.88445614745887,39.34405689465511,39.044093065767626,-19.45960074719624,-39.3634012751885,1.165556990473829,49.46007677677954,-19.159636918308756,-36.43860026048176,-1.9372623835272254,49.07179399976176
B3,ns.n,high,2301,123,33.74712096574594,48.60182732430919,55.8058126166627,-14.854706358563249,-20.43610193604843,-9.30543990190693,30.564090233564873,-22.058691650916757,-26.83177390582609,-17.23681249841545,39.527587927875445
B3,ns.n,low,3183,125,44.25540982224453,62.34950734242601,49.37598860969374,-18.094097520181478,-24.33903491976165,-13.181023903844945,29.020433827661165,-5.120578787449212,-10.515021376459663,-0.5564975950133595,10.37058483613615
B3,ns.n,mid,3672,124,41.747080888178246,56.991156441635255,47.843525431500204,-15.244075553457009,-20.776049005647558,-9.994886810390765,26.748142177231472,-6.096444543321958,-10.388621132569146,-2.4239636968440266,12.742465126343
B3,ns.n,zero,1308,125,33.567074722819534,64.13572326558922,33.43330622333252,-30.568648542769687,-36.71482560016399,-25.034906261301032,47.66243676115321,0.13376849948701164,-1.0959405528003272,1.2225287723784966,-0.4001055073448193
B3,r,high,2715,134,58.47436269647997,38.376377641125124,38.376377641125124,20.097985055354847,8.094931650942321,31.07687203449654,-52.370719413124924,20.097985055354847,8.094931650942321,31.07687203449654,-52.370719413124924
B3,r,low,3741,136,101.04676770645551,78.32347349302869,78.32347349302869,22.723294213426826,-14.205140088918649,68.54397233344272,-29.01211246134194,22.723294213426826,-14.205140088918649,68.54397233344272,-29.01211246134194
B3,r,mid,4338,135,76.27280635554263,60.552630349675646,60.552630349675646,15.720176005866982,-5.40527124067911,41.88228055883013,-25.961177764016302,15.720176005866982,-5.40527124067911,41.88228055883013,-25.961177764016302
B3,r,zero,1542,136,57.23788099330928,75.3460110329397,75.3460110329397,-18.108130039630417,-37.21986308512384,8.704947872371276,24.033296244062505,-18.108130039630417,-37.21986308512384,8.704947872371276,24.033296244062505
M1,burst.per.min,high,2679,134,27.94228081973517,38.896189158332646,42.945386563035036,-10.953908338597476,-16.68220366808274,-5.7286241192137615,28.16190628343559,-15.003105743299866,-18.324139485190543,-11.525082566875815,34.93531423050152
M1,burst.per.min,low,3705,136,27.93725763943099,47.744611354152745,30.77439593686157,-19.807353714721756,-24.797339317265422,-14.568145636012664,41.48605078759102,-2.837138297430581,-5.548428475361749,-0.4266531924177817,9.219151866543243
M1,burst.per.min,mid,4284,135,28.344988062298206,47.68834332191037,33.112949149876506,-19.34335525961216,-23.284789532541396,-15.392009908355176,40.562019798085274,-4.7679610875783,-7.642953818173361,-2.0833875128248285,14.399083168332295
M1,burst.per.min,zero,1524,136,20.6529971240728,47.62149051065509,18.52292157193365,-26.968493386582292,-30.437078111462213,-23.689652028143552,56.6309309040804,2.13007555213915,0.9892535614620492,3.281857342985232,-11.499673762948328
M1,meanfiringrate,high,2715,134,31.657871689402,38.03296484389218,45.58223350058472,-6.37509315449018,-10.5280243150913,-2.268830959589759,16.762019949422832,-13.92436181118272,-18.025402308217753,-9.859740707839768,30.547783076500853
M1,meanfiringrate,low,3741,136,42.99703638860324,50.14016707126142,52.73348635265567,-7.143130682658182,-12.293152080218453,-1.5432924525818692,14.246324054935933,-9.736449964052426,-20.01052113893026,0.2654183577674222,18.46350514157139
M1,meanfiringrate,mid,4338,135,40.25599493402845,50.245999756357826,44.41811323222572,-9.990004822329375,-14.267559700481529,-5.246800978722941,19.882189369841925,-4.162118298197271,-8.798604537045689,0.5892318629170871,9.370317636944602
M1,meanfiringrate,zero,1542,136,41.05409215018371,54.9175271152181,33.18202264217966,-13.863434965034386,-18.821661659916,-7.874941526453125,25.24409909417191,7.872069508004053,-1.6235168093782677,16.685501382129324,-23.72389891024121
M1,nAE,high,2715,134,19.251366394067976,28.005930598603822,29.351741422164444,-8.754564204535846,-12.993218847112338,-4.779525693349929,31.259679708598178,-10.100375028096469,-13.839159176209936,-6.463717834570576,34.411501800943746
M1,nAE,low,3741,136,19.768075050694904,31.905750268241245,34.74174731684369,-12.137675217546342,-15.89882256350283,-8.571087348398805,38.04228114211781,-14.973672266148789,-20.986542186618305,-10.613116316236818,43.09994005076759
M1,nAE,mid,4338,135,19.73643526881334,31.597170350677608,33.066603310237745,-11.860735081864267,-15.684965130765653,-7.907920806048971,37.53733309099911,-13.330168041424404,-18.47884387279273,-8.828466753467412,40.31308543051125
M1,nAE,zero,1542,136,26.002644754970433,39.34405689465511,39.044093065767626,-13.341412139684678,-16.475571143056406,-10.340981405463557,33.9095995499567,-13.041448310797193,-18.598388328964283,-7.955043498369913,33.4018472111251
M1,ns.n,high,2301,123,34.42788112507767,48.60182732430919,55.8058126166627,-14.173946199231523,-19.8551946892064,-8.456315173087802,29.163401829836417,-21.37793149158503,-26.230857018717437,-16.569793648095672,38.307714715011485
M1,ns.n,low,3183,125,45.36525874108102,62.34950734242601,49.37598860969374,-16.984248601344987,-23.4883614318917,-11.636684896685363,27.24038941970593,-4.010729868612721,-8.849008680754382,0.46714838847944795,8.122834563003188
M1,ns.n,mid,3672,124,42.2704137775967,56.991156441635255,47.843525431500204,-14.720742664038553,-20.257286216228376,-9.33491460879841,25.82987183127981,-5.573111653903503,-9.920949800863024,-1.6710237064908333,11.648622470103684
M1,ns.n,zero,1308,125,36.16069060039871,64.13572326558922,33.43330622333252,-27.97503266519051,-34.20123093423957,-21.977732989636458,43.61848785792047,2.727384377066187,0.344911284457092,5.210489902410975,-8.157686705728173
M1,r,high,2715,134,33.102402642788675,38.376377641125124,38.376377641125124,-5.273974998336449,-10.46079398595491,-0.04384256728105817,13.742763967083544,-5.273974998336449,-10.46079398595491,-0.04384256728105817,13.742763967083544
M1,r,low,3741,136,58.65220537386265,78.32347349302869,78.32347349302869,-19.671268119166037,-24.129926273404344,-14.87978819524977,25.11541845870371,-19.671268119166037,-24.129926273404344,-14.87978819524977,25.11541845870371
M1,r,mid,4338,135,47.0038948390795,60.552630349675646,60.552630349675646,-13.548735510596146,-17.581960803552654,-9.130284806454823,22.37513949824431,-13.548735510596146,-17.581960803552654,-9.130284806454823,22.37513949824431
M1,r,zero,1542,136,56.10826616123203,75.3460110329397,75.3460110329397,-19.23774487170767,-26.034558022490696,-10.349934085302355,25.532532655640296,-19.23774487170767,-26.034558022490696,-10.349934085302355,25.532532655640296
