model,endpoint,n_rows,n_chemicals,mae,original_bt_mae,bt_plus_mae,delta_mae_vs_original_bt,delta_mae_vs_original_bt_ci_low,delta_mae_vs_original_bt_ci_high,relative_gain_vs_original_bt_percent,delta_mae_vs_bt_plus,delta_mae_vs_bt_plus_ci_low,delta_mae_vs_bt_plus_ci_high,relative_gain_vs_bt_plus_percent
B3,burst.per.min,12192,136,26.704271489894424,45.76514847044058,32.739061202603416,-19.060876980546155,-22.49757704083654,-16.037858794243355,41.64932840293844,-6.034789712708992,-7.78290002930991,-4.2433674660697625,18.432995605350786
B3,meanfiringrate,12336,136,40.51883886154947,48.109909072592636,45.79151998338266,-7.591070211043167,-12.529322212098485,-2.3985702508311744,15.77860020393941,-5.272681121833195,-7.584205404229154,-3.19046617324739,11.514536149371333
B3,nAE,12336,136,28.930314713899104,31.86872357664539,33.5041967688646,-2.938408862746286,-12.79682954390719,8.358510842754987,9.22035316437858,-4.573882054965498,-12.622674665349827,4.916116155955568,13.651669032746367
B3,ns.n,10464,125,39.72841261135552,57.66937490722982,48.25928292241817,-17.9409622958743,-22.59824728162022,-14.361562167451911,31.110034268162494,-8.53087031106265,-11.004627616176032,-5.843626177582136,17.677159283068736
B3,r,12336,136,77.48914552308851,62.9102496030124,62.9102496030124,14.578895920076107,-5.279471846304857,40.20779182058463,-23.174118704145165,14.578895920076107,-5.279471846304857,40.20779182058463,-23.174118704145165
M1,burst.per.min,12192,136,27.17109632104124,45.76514847044058,32.739061202603416,-18.59405214939934,-21.93307947434679,-15.63716314807219,40.629284009444696,-5.567964881562176,-7.511005787102582,-3.7686672350521824,17.007100011528156
M1,meanfiringrate,12336,136,39.29466203679392,48.109909072592636,45.79151998338266,-8.815247035798713,-12.460594497935007,-5.086887235166562,18.323142167027296,-6.49685794658874,-11.588680284069648,-1.5048558838079111,14.18790629563376
M1,nAE,12336,136,20.42254887587718,31.86872357664539,33.5041967688646,-11.44617470076821,-14.652206639733846,-8.760968618368533,35.916639940849095,-13.081647892987423,-17.471665791421636,-9.515699698659564,39.04480379945768
M1,ns.n,10464,125,40.723558461231,57.66937490722982,48.25928292241817,-16.945816445998823,-21.658430463549415,-13.159046784737114,29.384428864122093,-7.535724461187172,-10.195469666439184,-4.558280275313395,15.615077566116417
M1,r,12336,136,48.61484806350016,62.9102496030124,62.9102496030124,-14.295401539512241,-17.56475990020948,-11.048545279313906,22.723485647762743,-14.295401539512241,-17.56475990020948,-11.048545279313906,22.723485647762743
