endpoint,coverage_target,accepted_rows,total_rows,actual_coverage,full_mae,accepted_mae,delta_mae,delta_mae_ci_low,delta_mae_ci_high,relative_risk_reduction_percent,aurc_0_6_to_1_0
burst.per.min,1.0,12192,12192,1.0,27.17109632104124,27.17109632104124,0.0,0.0,0.0,0.0,10.416198819799673
burst.per.min,0.9,10972,12192,0.8999343832020997,27.17109632104124,25.905424946272603,-1.2656713747686368,-2.256487390915619,-0.5494333075799663,4.658153501846385,10.416198819799673
burst.per.min,0.8,9753,12192,0.7999507874015748,27.17109632104124,25.778313168526925,-1.3927831525143155,-2.405687325407279,-0.6003762429019789,5.125973335995821,10.416198819799673
burst.per.min,0.7,8534,12192,0.6999671916010499,27.17109632104124,25.91884568474966,-1.2522506362915813,-2.3166608368853305,-0.4221977911523617,4.608760064355008,10.416198819799673
burst.per.min,0.6,7315,12192,0.599983595800525,27.17109632104124,25.947712475853844,-1.2233838451873957,-2.3295788781519287,-0.2910179158797305,4.502519260660122,10.416198819799673
meanfiringrate,1.0,12336,12336,1.0,39.29466203679392,39.29466203679392,0.0,0.0,0.0,0.0,12.980596217668166
meanfiringrate,0.9,11102,12336,0.8999675745784695,39.29466203679392,31.28745700003691,-8.007205036757014,-13.445768701866035,-3.8802279684355723,20.37733529622775,12.980596217668166
meanfiringrate,0.8,9868,12336,0.7999351491569391,39.29466203679392,31.403232265619767,-7.891429771174156,-13.345825870290792,-3.697209115586364,20.08270172621651,12.980596217668166
meanfiringrate,0.7,8635,12336,0.6999837872892347,39.29466203679392,31.868092614523654,-7.426569422270269,-12.670402959699167,-3.369375227565483,18.89969028189206,12.980596217668166
meanfiringrate,0.6,7401,12336,0.5999513618677043,39.29466203679392,31.19969855620876,-8.094963480585164,-13.891761714294551,-3.7464471652367997,20.60066955915124,12.980596217668166
nAE,1.0,12336,12336,1.0,20.42254887587718,20.42254887587718,0.0,0.0,0.0,0.0,7.001332487355759
nAE,0.9,11102,12336,0.8999675745784695,20.42254887587718,17.160364736352527,-3.2621841395246527,-5.012647972420842,-1.906932964801809,15.973442685099398,7.001332487355759
nAE,0.8,9868,12336,0.7999351491569391,20.42254887587718,17.39968948969902,-3.0228593861781583,-4.618023826325686,-1.8044731854390892,14.801577435560533,7.001332487355759
nAE,0.7,8635,12336,0.6999837872892347,20.42254887587718,16.750138739936816,-3.672410135940364,-5.352311579925753,-2.297489556255602,17.982134151130186,7.001332487355759
nAE,0.6,7401,12336,0.5999513618677043,20.42254887587718,16.98371493926126,-3.438833936615918,-5.1106926555909755,-2.138107348407665,16.838416974865556,7.001332487355759
ns.n,1.0,10464,10464,1.0,40.723558461231,40.723558461231,0.0,0.0,0.0,0.0,15.570757442979113
ns.n,0.9,9417,10464,0.8999426605504587,40.723558461231,39.05577004039982,-1.6677884208311795,-3.767992936076568,-0.02627845746964367,4.095389705246218,15.570757442979113
ns.n,0.8,8371,10464,0.7999808868501529,40.723558461231,38.348300383001224,-2.375258078229777,-4.939162447682859,-0.4431174314496616,5.832638816401648,15.570757442979113
ns.n,0.7,7324,10464,0.6999235474006116,40.723558461231,38.581653528449024,-2.1419049327819764,-4.868390029776717,0.03387103619656628,5.2596212455772475,15.570757442979113
ns.n,0.6,6278,10464,0.5999617737003058,40.723558461231,38.72014249465108,-2.0034159665799223,-4.761500353013116,0.4769619149026521,4.919550359252575,15.570757442979113
r,1.0,12336,12336,1.0,48.61484806350016,48.61484806350016,0.0,0.0,0.0,0.0,14.720149718373687
r,0.9,11102,12336,0.8999675745784695,48.61484806350016,35.32390103955821,-13.290947023941953,-26.870432306918467,-3.9384514631067336,27.3392750432573,14.720149718373687
r,0.8,9868,12336,0.7999351491569391,48.61484806350016,35.05198190687624,-13.562866156623919,-27.225057154685906,-4.281770384647532,27.898608546319544,14.720149718373687
r,0.7,8635,12336,0.6999837872892347,48.61484806350016,34.813946016318255,-13.800902047181907,-27.235143898752217,-4.591910550916972,28.388244737812048,14.720149718373687
r,0.6,7401,12336,0.5999513618677043,48.61484806350016,35.40848837846814,-13.20635968503202,-26.601003270770935,-4.231645799306064,27.16528017897335,14.720149718373687
