model,endpoint,n_samples,n_chemicals,delta_mae_ci_low,delta_mae_ci_high,mae_y12_mean,mae_y12_std,rmse_y12_mean,rmse_y12_std,spearman_y12_mean,spearman_y12_std,mae_delta_mean,mae_delta_std,spearman_delta_mean,spearman_delta_std,delta_mae_vs_bt_mean,delta_mae_vs_bt_std,relative_gain_percent_mean,relative_gain_percent_std
B0,burst.per.min,4064,136,-17.50565431036577,-8.643232284284002,32.739061202603416,0.0927414453564223,48.500916391719024,0.1054126739088366,0.2363837708362997,0.0055407710632552,32.739061202603416,0.0927414453564223,0.6714202374211476,0.0008410255483284,-13.026087267837156,0.0927414453564223,28.462897430018447,0.202646442666571
B1,burst.per.min,4064,136,12.894011051173903,32.06791140304795,67.37772476601039,1.4210854715202004e-14,205.2961983632853,3.4809342861069267e-14,0.475124817189249,6.798699777552591e-17,67.37772476601039,1.4210854715202004e-14,,,21.612576295569824,8.702335715267317e-15,-47.22496707189589,1.6663704229186144e-14
B1b,burst.per.min,4064,136,125.08466986141254,179.32991162775463,195.41217701278453,0.5892301914831195,535.4487886293904,1.2064065532061552,0.4750695174731322,0.0005078711211685,195.41217701278453,0.5892301914831212,-0.6665368626644222,0.0012113919459614,149.64702854234395,0.5892301914831195,-326.9890594564553,1.2875085325326014
B2,burst.per.min,4064,136,0.0,0.0,45.76514847044057,0.0,67.40710357988628,0.0,0.472751826528015,0.0,45.76514847044056,1.2306961192854808e-14,0.4778604531663251,0.0,0.0,0.0,0.0,0.0
B3,burst.per.min,4064,136,-22.64822669188145,-16.15513756622551,26.704271489894424,0.124464764033294,42.046903663101055,0.1807827949357341,0.4833974847480324,0.004940510065374,26.704271489894424,0.124464764033294,0.7610397632491587,0.0026915501543983,-19.06087698054615,0.124464764033294,41.64932840293844,0.2719640778914651
B4,burst.per.min,4064,136,-19.098387458189503,-10.333077247797624,31.32975068263544,0.1909116146530158,46.57861902537454,0.3506818956544246,0.3075067963272387,0.0192114113201703,31.32975068263544,0.1909116146530158,0.696614758364877,0.0014177843574071,-14.43539778780513,0.1909116146530158,31.542337936757416,0.4171550208699162
B0,meanfiringrate,4112,136,-9.43075992220105,3.142209522494611,44.995420269427335,0.2302535523480256,142.10164381229663,0.1502825521622328,0.2404811177940676,0.0187344785808463,44.995420269427335,0.2302535523480229,0.5292123493544391,0.0031984419085175,-3.114488803165301,0.2302535523480256,6.473695052023223,0.4785990179291297
B1,meanfiringrate,4112,136,1.9743667730904133,20.99870221161821,57.577786073622256,7.105427357601002e-15,203.9539282045804,2.009718347115232e-14,0.5300843927617129,0.0,57.577786073622256,5.024295867788081e-15,,,9.467877001029615,4.165926057296536e-15,-19.679681761076736,8.331852114593072e-15
B1b,meanfiringrate,4112,136,40.7563097747099,73.58508620896771,102.38941789933442,0.1353204262644874,315.6224871371309,0.7514369112293555,0.5297631468245086,0.0001879998670227,102.38941789933442,0.1353204262644951,-0.5427146711136304,0.0016766164577258,54.27950882674178,0.1353204262644874,-112.8239688519051,0.2812735024302428
B2,meanfiringrate,4112,136,0.0,0.0,48.10990907259264,0.0,114.74992541229553,2.2469334198890888e-14,0.5230224290933361,0.0,48.10990907259264,0.0,0.3941145790667081,0.0,0.0,0.0,0.0,0.0
B3,meanfiringrate,4112,136,-12.976759851231533,-2.7899057547456554,40.51883886154947,0.502389125540432,138.2777138282992,1.184206456400942,0.4847809835887753,0.0173698048303039,40.51883886154947,0.502389125540432,0.583491537251489,0.0081486393131352,-7.5910702110431645,0.502389125540432,15.778600203939408,1.0442529101071083
B4,meanfiringrate,4112,136,-9.21128431417458,3.812147760197,45.628211903912,0.2663514254498919,138.81296534805563,1.2632659302509868,0.3031732810595114,0.0065041107378203,45.628211903912,0.2663514254498948,0.5508874511238695,0.0024958840786449,-2.48169716868064,0.2663514254498919,5.158390893934196,0.553631113806506
B0,nAE,4112,136,-4.031301912940423,17.695075483468013,38.07838193803085,0.1623200709388302,195.32990913951667,0.1156263272575714,0.2319851687061765,0.0180342108627299,38.07838193803085,0.1623200709388302,0.582744770280008,0.0033134653779141,6.20965836138546,0.1623200709388302,-19.48511789764976,0.5093397310012916
B1,nAE,4112,136,-2.191956389255969,17.04054781649981,38.118190158486414,0.0,197.5486151567063,0.0,0.5974570445752347,0.0,38.118190158486414,0.0,,,6.249466581841027,0.0,-19.610031028732116,0.0
B1b,nAE,4112,136,11.234040343091046,31.34963089187444,51.97079379257023,0.6446755645743741,200.9447037066948,0.2149781324558839,0.5960749116747767,0.0013433945896793,51.97079379257023,0.644675564574375,-0.6704318006308841,0.024434073588383,20.102070215924847,0.6446755645743741,-63.07773879797436,2.0229099010630534
B2,nAE,4112,136,0.0,0.0,31.86872357664539,4.3511678576336575e-15,84.68485577782754,1.4210854715202004e-14,0.5416034598730196,0.0,31.86872357664539,3.552713678800501e-15,0.0958668186662419,0.0,0.0,0.0,0.0,0.0
B3,nAE,4112,136,-13.226177531740817,7.933306436136412,28.93031471389911,0.445235870717129,191.879682163204,1.635668307606438,0.4184219169289531,0.0070365896792606,28.93031471389911,0.445235870717129,0.6988853608536796,0.0006295511427943,-2.938408862746277,0.445235870717129,9.220353164378553,1.3970935159869875
B4,nAE,4112,136,-8.067672492573946,20.345550400922427,36.72973820360763,0.6934513929635855,191.9018259791918,1.4209147835516045,0.2714776987148977,0.0158311423255048,36.72973820360763,0.6934513929635855,0.6416774183652835,0.0026721592115469,4.861014626962247,0.6934513929635855,-15.253245443832531,2.175962244913295
B0,ns.n,3488,125,-13.672380941656645,-2.7617123005509217,48.25928292241816,0.1152460991306952,76.70239030508007,0.1442176758075863,0.1955157691338456,0.0070909996049455,48.25928292241816,0.1152460991306952,0.4622745681128853,0.0014189882332794,-9.410091984811656,1.9925077904764816,16.249467570641375,2.8072513211997023
B1,ns.n,3488,125,-1.7369076750692556,10.006171509889104,59.58116585393177,0.0,156.01664584333844,0.0,0.4397862457537039,0.0,59.58116585393177,0.0,,,1.9117909467019512,2.0919466237869973,-3.403938212513031,3.6740141048548254
B1b,ns.n,3488,125,356.014987755376,471.2018253533834,463.6507875329037,3.183795114139201,1188.6964921177862,9.425079433066967,0.4386307886011905,0.0014095143469537,463.6507875329037,3.183795114139191,-0.4645510867541575,0.0021069996638779,405.981412625674,5.250348520389528,-704.8006182196577,33.912772617908296
B2,ns.n,3488,125,-0.4053754133874909,1.4066988945077985,56.46158896085607,8.702335715267317e-15,86.27421089205627,1.4210854715202004e-14,0.467437543539402,6.798699777552591e-17,56.46158896085607,8.702335715267317e-15,0.3137459667384984,0.0,-1.207785946373754,2.091946623787001,2.010130674484029,3.481648458059034
B3,ns.n,3488,125,-20.82953667095521,-12.867995069599038,39.72841261135553,0.0096829150964841,69.5813743242474,0.0344019748678711,0.4604320233430986,0.0054474611035008,39.72841261135553,0.0096829150964841,0.6095928435750125,0.0018941804835085,-17.940962295874296,2.091626488176282,31.050803972738617,2.449291274510802
B4,ns.n,3488,125,-14.46382213706809,-4.087774645769869,47.376152832646575,0.2978768016755609,74.54044161282668,0.2202123408788651,0.2799191844602217,0.018538827826019,47.376152832646575,0.2978768016755591,0.4890688387167849,0.0039388342894915,-10.29322207458324,1.9374190938926932,17.785020593635696,2.667776146031386
B0,r,4112,136,3.604929860032485,47.494357612908935,86.10466568963439,0.1734440416012248,564.0353002470976,0.2791672452432976,0.2355678251669033,0.0133498809722519,86.10466568963442,0.1734440416012239,0.5621464269127987,0.0045494308959555,23.194416086621995,0.1734440416012253,-36.86905747948479,0.2757007684689272
B1,r,4112,136,10.582083999437698,61.23360780247176,97.03465696261628,0.0,605.8352402062559,0.0,0.5432773284363228,0.0,97.03465696261628,0.0,,,34.12440735960386,5.024295867788081e-15,-54.24300106094292,8.702335715267317e-15
B1b,r,4112,136,320.358922354161,495.46747356859976,465.0774361172823,3.2873957158409786,1488.4483219361198,16.43614248677678,0.5424659698982267,0.0002599709345324,465.0774361172823,3.2873957158409786,-0.6453136816037369,0.0015783542951545,402.1671865142698,3.2873957158409786,-639.2713255027561,5.22553278136021
B2,r,4112,136,0.0,0.0,62.9102496030124,7.105427357601002e-15,253.70226788423315,2.009718347115232e-14,0.5105079260396171,0.0,62.91024960301241,0.0,0.3088193071417544,0.0,0.0,0.0,0.0,0.0
B3,r,4112,136,-5.900708303048486,39.49216139820396,77.48914552308851,1.7306751522145538,567.950705981001,7.93828654730337,0.1600082226993337,0.0297104101314702,77.48914552308851,1.7306751522145538,0.6349724894849934,0.0088072594707156,14.578895920076112,1.7306751522145505,-23.17411870414517,2.751022549005558
B4,r,4112,136,-13.619639531193704,49.21265741945187,77.63783132252387,3.1148027024471454,549.0773989038589,7.68142940436716,0.1702805459091349,0.0105905584916361,77.63783132252387,3.1148027024471454,0.6337121971735588,0.0038317499800132,14.727581719511456,3.114802702447149,-23.4104646102155,4.951184778478449
M1,burst.per.min,4064,136,-22.83993068290061,-16.456639923576017,27.171096321041244,0.4301423404362361,42.56070211639262,0.6008902299081108,0.4852957502988699,0.0282267247287319,27.171096321041244,0.4301423404362361,0.7571186737425778,0.0071536665962341,-18.59405214939933,0.4301423404362361,40.62928400944468,0.939890625972868
M1,meanfiringrate,4112,136,-14.611317331364813,-7.566022331987953,39.29466203679392,3.0801803574377336,114.64039849843677,24.31382691658504,0.5329323643858027,0.0125432124103323,39.29466203679393,3.0801803574377318,0.5941187235150386,0.0122607558932404,-8.815247035798713,3.0801803574377336,18.3231421670273,6.402382413132552
M1,nAE,4112,136,-15.20318844710138,-9.508220426246048,20.42254887587718,0.9779604216866604,81.84332438322193,3.4160047292111813,0.5304064655294962,0.0019687534910602,20.42254887587718,0.9779604216866584,0.717612345516054,0.0089574911583028,-11.446174700768204,0.9779604216866604,35.91663994084909,3.06871537962489
M1,ns.n,3488,125,-20.724898381096477,-12.003173231217234,40.723558461231,0.2239413567012727,67.86928523594138,0.3903792249853614,0.4608871691543384,0.020154250324892,40.72355846123101,0.2239413567012765,0.5814581433290759,0.0037072891944383,-16.94581644599882,2.1397616031064035,29.32220513781589,2.602605566459511
M1,r,4112,136,-18.703951383522654,-12.184340510273376,48.61484806350016,0.3470286221791286,240.43159636349935,4.503354063962469,0.4982725557523784,0.0026443426473338,48.61484806350016,0.3470286221791286,0.584538689460112,0.019431466737082,-14.295401539512245,0.3470286221791255,22.723485647762743,0.5516249329306562
