endpoint,input_window,decision_day,mae,bt_plus_mae,relative_gain_vs_bt_plus_percent,interval_coverage,coverage,median_interval_width,width_threshold_from_div7,accepted_fraction,abstention_rate,accepted_mae,n_rows
burst.per.min,DIV5,5,32.39132800062364,32.739061202603416,1.0621355323167505,0.910761154855643,0.910761154855643,134.09831469226674,110.79323205703261,0.0,1.0,,12192
burst.per.min,DIV5+7,7,27.17109632104124,32.739061202603416,17.007100011528156,0.9108431758530183,0.9108431758530183,108.91044746754986,110.79323205703261,0.6999671916010499,0.3000328083989501,25.91884568474966,12192
burst.per.min,DIV5+7+9,9,23.583408576588877,32.739061202603416,27.965531966098283,0.9133038057742782,0.9133038057742782,96.8067981225563,110.79323205703261,0.9726049868766404,0.02739501312335957,22.502480777976842,12192
meanfiringrate,DIV5,5,46.364174147988365,45.79151998338266,-1.2505681506390542,0.9105058365758755,0.9105058365758755,164.57959952391172,135.47232218506957,0.0,1.0,,12336
meanfiringrate,DIV5+7,7,39.29466203679392,45.79151998338266,14.18790629563376,0.9152885862516212,0.9152885862516212,128.8021997985178,135.47232218506957,0.7003080415045395,0.2996919584954605,31.862421785524653,12336
meanfiringrate,DIV5+7+9,9,34.40960981376187,45.79151998338266,24.85593440390533,0.918855382619974,0.918855382619974,117.08709170586923,135.47232218506957,0.9289883268482491,0.07101167315175094,27.279506500608985,12336
nAE,DIV5,5,27.659316603388906,33.5041967688646,17.44521799999496,0.9146400778210116,0.9146400778210116,99.12807700936622,72.50479923680498,0.0,1.0,,12336
nAE,DIV5+7,7,20.42254887587718,33.5041967688646,39.04480379945768,0.92128728923476,0.92128728923476,70.08684849739075,72.50479923680498,0.6999837872892347,0.3000162127107653,16.750138739936816,12336
nAE,DIV5+7+9,9,16.672215992343467,33.5041967688646,50.238425032660594,0.9229085603112841,0.9229085603112841,58.75059938430786,72.50479923680498,0.954928664072633,0.04507133592736701,13.46965682061009,12336
ns.n,DIV5,5,45.778676763300034,48.25928292241817,5.140163734106808,0.9141819571865444,0.9141819571865444,177.8718982450959,166.87838703522272,0.06345565749235474,0.9365443425076453,48.45562440637793,10464
ns.n,DIV5+7,7,40.723558461231,48.25928292241817,15.615077566116417,0.9102637614678899,0.9102637614678899,162.62568745986198,166.87838703522272,0.7000191131498471,0.2999808868501529,38.583430254716575,10464
ns.n,DIV5+7+9,9,37.282011233742416,48.25928292241817,22.746445914504914,0.9141819571865444,0.9141819571865444,150.95009918244378,166.87838703522272,0.9333906727828746,0.06660932721712542,35.27814006615034,10464
r,DIV5,5,58.825978469685346,62.9102496030124,6.492218929507293,0.9163424124513618,0.9163424124513618,177.35341161864952,142.7949518230764,0.0,1.0,,12336
r,DIV5+7,7,48.61484806350016,62.9102496030124,22.723485647762743,0.9239623865110247,0.9239623865110247,136.40270726631684,142.7949518230764,0.6999837872892347,0.3000162127107653,34.81394601631825,12336
r,DIV5+7+9,9,48.73627044135897,62.9102496030124,22.530476752352175,0.9262321660181583,0.9262321660181583,135.19079577376198,142.7949518230764,0.7071173800259404,0.2928826199740596,35.24102015523213,12336
