direction,endpoint,n_train_rows,n_train_chemicals,bt_plus_model,bt_plus_plus_model,inner_bt_plus_mae,inner_dose_smooth_mae,selection_seed,m1_setting
ToxCast->NTP,meanfiringrate,2720,97,B2,BT+,51.00065320512626,51.87372944203855,0,"{""bt_model"": ""B2"", ""colsample_bytree"": 1.0, ""learning_rate"": 0.03, ""max_depth"": 4, ""min_child_weight"": 1, ""n_estimators"": 87, ""variant"": ""bt_residual""}"
ToxCast->NTP,burst.per.min,2672,97,B0,DOSE_SMOOTH,33.841181743230656,33.81396485709782,0,"{""bt_model"": ""B2"", ""colsample_bytree"": 0.7, ""learning_rate"": 0.08, ""max_depth"": 4, ""min_child_weight"": 1, ""n_estimators"": 100, ""variant"": ""direct""}"
ToxCast->NTP,nAE,2720,97,B2,BT+,33.169655716087895,42.3461752686528,0,"{""bt_model"": ""B2"", ""colsample_bytree"": 0.7, ""learning_rate"": 0.03, ""max_depth"": 4, ""min_child_weight"": 1, ""n_estimators"": 47, ""variant"": ""bt_residual""}"
ToxCast->NTP,ns.n,2240,86,B0,DOSE_SMOOTH,50.67766850381077,50.35796134910775,0,"{""bt_model"": ""B2"", ""colsample_bytree"": 1.0, ""learning_rate"": 0.03, ""max_depth"": 4, ""min_child_weight"": 1, ""n_estimators"": 86, ""variant"": ""direct""}"
ToxCast->NTP,r,2720,97,B2,BT+,74.07298924411661,112.50295512345234,0,"{""bt_model"": ""B2"", ""colsample_bytree"": 1.0, ""learning_rate"": 0.03, ""max_depth"": 4, ""min_child_weight"": 1, ""n_estimators"": 33, ""variant"": ""bt_residual""}"
NTP->ToxCast,meanfiringrate,1392,50,B0,DOSE_SMOOTH,32.22767878053014,31.707974370122084,0,"{""bt_model"": ""B2"", ""colsample_bytree"": 1.0, ""learning_rate"": 0.03, ""max_depth"": 4, ""min_child_weight"": 1, ""n_estimators"": 87, ""variant"": ""bt_residual""}"
NTP->ToxCast,burst.per.min,1392,50,B0,DOSE_SMOOTH,29.977239988288233,29.888066103459117,0,"{""bt_model"": ""B2"", ""colsample_bytree"": 0.7, ""learning_rate"": 0.08, ""max_depth"": 4, ""min_child_weight"": 1, ""n_estimators"": 100, ""variant"": ""direct""}"
NTP->ToxCast,nAE,1392,50,B0,BT+,17.763925097529935,18.156852285605268,0,"{""bt_model"": ""B2"", ""colsample_bytree"": 0.7, ""learning_rate"": 0.03, ""max_depth"": 4, ""min_child_weight"": 1, ""n_estimators"": 47, ""variant"": ""bt_residual""}"
NTP->ToxCast,ns.n,1248,48,B0,DOSE_SMOOTH,41.8546488016201,41.65530200352629,0,"{""bt_model"": ""B2"", ""colsample_bytree"": 1.0, ""learning_rate"": 0.03, ""max_depth"": 4, ""min_child_weight"": 1, ""n_estimators"": 86, ""variant"": ""direct""}"
NTP->ToxCast,r,1392,50,B0,BT+,24.183002702456253,24.70228192886936,0,"{""bt_model"": ""B2"", ""colsample_bytree"": 1.0, ""learning_rate"": 0.03, ""max_depth"": 4, ""min_child_weight"": 1, ""n_estimators"": 33, ""variant"": ""bt_residual""}"
