direction,source_cohort,target_cohort,endpoint,model,n_train_rows,n_train_chemicals,n_test_rows,n_test_chemicals,mae,rmse,spearman,bt_plus_mae,delta_mae_vs_bt_plus,delta_mae_vs_bt_plus_ci_low,delta_mae_vs_bt_plus_ci_high,relative_gain_vs_bt_plus_percent,bt_plus_plus_mae,delta_mae_vs_bt_plus_plus,delta_mae_vs_bt_plus_plus_ci_low,delta_mae_vs_bt_plus_plus_ci_high,relative_gain_vs_bt_plus_plus_percent,win_vs_bt_plus_plus
ToxCast->NTP,ToxCast,NTP,meanfiringrate,M1-frozen-hyperparameters,2720,97,1000,39,30.597980557776143,39.40814621473033,0.37961989494160464,46.69003618854924,-16.0920556307731,-19.73275521548923,-12.55471657344116,34.46571676618166,46.69003618854924,-16.0920556307731,-19.73275521548923,-12.55471657344116,34.46571676618166,True
ToxCast->NTP,ToxCast,NTP,burst.per.min,M1-frozen-hyperparameters,2672,97,1000,39,26.36136559348242,33.80980291975379,0.2328408102308433,30.013415205346273,-3.652049611863852,-5.789866864450742,-1.3935098095361107,12.168057473223888,29.403342556068704,-3.0419769625862827,-5.252873502628077,-0.8684819889196925,10.34568419146766,True
ToxCast->NTP,ToxCast,NTP,nAE,M1-frozen-hyperparameters,2720,97,1000,39,20.276749048547774,29.300320515347156,0.24658089257961552,30.39113422983209,-10.114385181284316,-15.443122345913546,-4.666458953739788,33.28070977803778,30.39113422983209,-10.114385181284316,-15.443122345913546,-4.666458953739788,33.28070977803778,True
ToxCast->NTP,ToxCast,NTP,ns.n,M1-frozen-hyperparameters,2240,86,912,37,38.03728782663749,55.10460027079675,0.17095009843367803,45.58649930474196,-7.549211478104475,-9.299379451835263,-5.585174354969338,16.560191269872735,42.77593911072062,-4.738651284083133,-6.569947792355901,-2.744617712697743,11.077842784041927,True
ToxCast->NTP,ToxCast,NTP,r,M1-frozen-hyperparameters,2720,97,1000,39,29.100332289015768,40.877359761579235,0.4430288139210151,42.48130854995833,-13.38097626094256,-18.24381236313122,-9.296747178405802,31.498503030353774,42.48130854995833,-13.38097626094256,-18.24381236313122,-9.296747178405802,31.498503030353774,True
NTP->ToxCast,NTP,ToxCast,meanfiringrate,M1-frozen-hyperparameters,1392,50,2384,86,42.70644106795047,135.03454898820024,0.5285998141737699,51.92160728532098,-9.21516621737051,-18.574095867353826,-3.1046704914142893,17.748229878037257,52.77754915891609,-10.071108090965616,-19.351623241551554,-3.9059491553294814,19.08218219955792,True
NTP->ToxCast,NTP,ToxCast,burst.per.min,M1-frozen-hyperparameters,1392,50,2336,86,28.41855013428424,48.76318371789938,0.43528262637275256,33.852801639998084,-5.434251505713846,-7.906207676921233,-3.1388665242680722,16.052590162266267,33.84399534432398,-5.42544521003974,-7.855510239069608,-3.1216234805467953,16.030746827737197,True
NTP->ToxCast,NTP,ToxCast,nAE,M1-frozen-hyperparameters,1392,50,2384,86,20.97373354961075,100.47158240975915,0.594972827664127,42.19999215865696,-21.226258609046212,-38.27193425747897,-6.708163884950444,50.299200362983555,42.19999215865696,-21.226258609046212,-38.27193425747897,-6.708163884950444,50.299200362983555,True
NTP->ToxCast,NTP,ToxCast,ns.n,M1-frozen-hyperparameters,1248,48,1952,77,45.97016472163341,83.08478899400922,0.43236569077786796,54.72892118213303,-8.758756460499619,-12.306105337017858,-5.462065813555489,16.003890212546395,54.161291301648276,-8.191126580014867,-11.738599604203129,-4.916309229081349,15.123580666485307,True
NTP->ToxCast,NTP,ToxCast,r,M1-frozen-hyperparameters,1392,50,2384,86,59.309008788295806,323.4064904546744,0.5046574593089369,92.34945374494852,-33.04044495665271,-72.22236999371906,-1.7998545410495004,35.77762901327396,92.34945374494852,-33.04044495665271,-72.22236999371906,-1.7998545410495004,35.77762901327396,True
